-- Database Client 8.4.4
-- Host: 127.0.0.1 Port: 3306 Database: shopping_platform 
-- Dump is still an early version, please use the dumped SQL with caution

/*!40101 SET NAMES utf8 */;
/*!40014 SET FOREIGN_KEY_CHECKS=0 */;
/*!40101 SET SQL_MODE='NO_AUTO_VALUE_ON_ZERO' */;
/*!40111 SET SQL_NOTES=0 */;

-- 先删除已存在的同名数据库（可选，避免创建失败）
DROP DATABASE IF EXISTS shopping_platform;

-- 创建数据库，指定字符集为 utf8mb4（兼容emoji/特殊中文），排序规则为 utf8mb4_unicode_ci（通用排序）
CREATE DATABASE shopping_platform
DEFAULT CHARACTER SET utf8mb4
DEFAULT COLLATE utf8mb4_unicode_ci;

-- 切换到该数据库
USE shopping_platform;

CREATE TABLE IF NOT EXISTS `auth_tokens` (
  `id` int NOT NULL AUTO_INCREMENT,
  `token` varchar(128) COLLATE utf8mb4_unicode_ci NOT NULL,
  `user_id` int NOT NULL,
  `created_at` int NOT NULL,
  PRIMARY KEY (`id`),
  UNIQUE KEY `ix_auth_tokens_token` (`token`),
  KEY `ix_auth_tokens_user_id` (`user_id`),
  CONSTRAINT `auth_tokens_ibfk_1` FOREIGN KEY (`user_id`) REFERENCES `users` (`id`)
) ENGINE=InnoDB AUTO_INCREMENT=6 DEFAULT CHARSET=utf8mb4 COLLATE=utf8mb4_unicode_ci;

CREATE TABLE IF NOT EXISTS `categories` (
  `id` int NOT NULL AUTO_INCREMENT,
  `name` varchar(64) COLLATE utf8mb4_unicode_ci NOT NULL,
  `image` varchar(500) COLLATE utf8mb4_unicode_ci DEFAULT NULL,
  PRIMARY KEY (`id`),
  UNIQUE KEY `ix_categories_name` (`name`)
) ENGINE=InnoDB AUTO_INCREMENT=8 DEFAULT CHARSET=utf8mb4 COLLATE=utf8mb4_unicode_ci;

CREATE TABLE IF NOT EXISTS `db_test_record` (
  `id` int NOT NULL AUTO_INCREMENT,
  `content` varchar(255) COLLATE utf8mb4_unicode_ci NOT NULL,
  `created_at` int NOT NULL,
  PRIMARY KEY (`id`)
) ENGINE=InnoDB DEFAULT CHARSET=utf8mb4 COLLATE=utf8mb4_unicode_ci;

CREATE TABLE IF NOT EXISTS `order_items` (
  `id` int NOT NULL AUTO_INCREMENT,
  `order_id` int NOT NULL,
  `product_id` int NOT NULL,
  `product_name` varchar(200) COLLATE utf8mb4_unicode_ci NOT NULL,
  `product_price` float NOT NULL,
  `quantity` int NOT NULL,
  `subtotal` float NOT NULL,
  PRIMARY KEY (`id`),
  KEY `ix_order_items_product_id` (`product_id`),
  KEY `ix_order_items_order_id` (`order_id`),
  CONSTRAINT `order_items_ibfk_1` FOREIGN KEY (`order_id`) REFERENCES `orders` (`id`),
  CONSTRAINT `order_items_ibfk_2` FOREIGN KEY (`product_id`) REFERENCES `products` (`id`)
) ENGINE=InnoDB AUTO_INCREMENT=4 DEFAULT CHARSET=utf8mb4 COLLATE=utf8mb4_unicode_ci;

CREATE TABLE IF NOT EXISTS `orders` (
  `id` int NOT NULL AUTO_INCREMENT,
  `user_id` int NOT NULL,
  `recipient` varchar(64) COLLATE utf8mb4_unicode_ci NOT NULL,
  `phone` varchar(32) COLLATE utf8mb4_unicode_ci NOT NULL,
  `address` varchar(255) COLLATE utf8mb4_unicode_ci NOT NULL,
  `total_amount` float NOT NULL,
  `status` varchar(32) COLLATE utf8mb4_unicode_ci NOT NULL,
  `created_at` int NOT NULL,
  PRIMARY KEY (`id`),
  KEY `ix_orders_user_id` (`user_id`),
  CONSTRAINT `orders_ibfk_1` FOREIGN KEY (`user_id`) REFERENCES `users` (`id`)
) ENGINE=InnoDB AUTO_INCREMENT=9 DEFAULT CHARSET=utf8mb4 COLLATE=utf8mb4_unicode_ci;

CREATE TABLE IF NOT EXISTS `products` (
  `id` int NOT NULL AUTO_INCREMENT,
  `name` varchar(200) COLLATE utf8mb4_unicode_ci NOT NULL,
  `description` text COLLATE utf8mb4_unicode_ci,
  `price` float NOT NULL,
  `image` varchar(500) COLLATE utf8mb4_unicode_ci DEFAULT NULL,
  `stock` int NOT NULL,
  `rating` float DEFAULT NULL,
  `category_id` int DEFAULT NULL,
  PRIMARY KEY (`id`),
  KEY `ix_products_name` (`name`),
  KEY `ix_products_category_id` (`category_id`),
  CONSTRAINT `products_ibfk_1` FOREIGN KEY (`category_id`) REFERENCES `categories` (`id`)
) ENGINE=InnoDB AUTO_INCREMENT=214 DEFAULT CHARSET=utf8mb4 COLLATE=utf8mb4_unicode_ci;

CREATE TABLE IF NOT EXISTS `user_profiles` (
  `id` int NOT NULL AUTO_INCREMENT,
  `user_id` int NOT NULL,
  `nickname` varchar(64) COLLATE utf8mb4_unicode_ci DEFAULT NULL,
  `phone` varchar(32) COLLATE utf8mb4_unicode_ci DEFAULT NULL,
  `avatar` varchar(500) COLLATE utf8mb4_unicode_ci DEFAULT NULL,
  `gender` varchar(16) COLLATE utf8mb4_unicode_ci DEFAULT NULL,
  `bio` varchar(255) COLLATE utf8mb4_unicode_ci DEFAULT NULL,
  `updated_at` int NOT NULL,
  PRIMARY KEY (`id`),
  UNIQUE KEY `ix_user_profiles_user_id` (`user_id`),
  CONSTRAINT `user_profiles_ibfk_1` FOREIGN KEY (`user_id`) REFERENCES `users` (`id`)
) ENGINE=InnoDB AUTO_INCREMENT=2 DEFAULT CHARSET=utf8mb4 COLLATE=utf8mb4_unicode_ci;

CREATE TABLE IF NOT EXISTS `users` (
  `id` int NOT NULL AUTO_INCREMENT,
  `username` varchar(64) COLLATE utf8mb4_unicode_ci NOT NULL,
  `password_hash` varchar(255) COLLATE utf8mb4_unicode_ci NOT NULL,
  `created_at` int NOT NULL,
  `is_admin` tinyint(1) NOT NULL DEFAULT '0',
  PRIMARY KEY (`id`),
  UNIQUE KEY `ix_users_username` (`username`),
  KEY `ix_users_is_admin` (`is_admin`)
) ENGINE=InnoDB AUTO_INCREMENT=2 DEFAULT CHARSET=utf8mb4 COLLATE=utf8mb4_unicode_ci;

INSERT INTO auth_tokens(id,token,user_id,created_at) VALUES('1','''p2BCDFOIqTufbmLNV6sL584_on3X3qmHr-zi3GOCiO4''','1','1766067806'),('2','''mCcKqvnmFPe42OxEU4R0XYHlVOUrUMmEtshyGTClY4w''','1','1766146830'),('3','''t67lkpPJgq6tZdwrESVGEH1M_S4259Mzh32Pm1FVvcE''','1','1766149173'),('4','''2HZdNCvW9ZnFOGxroxg2Du9xDj8o1dFX2gvJflwGBp8''','1','1766149253'),('5','''leFT5ZBdDv39k7MyZWkVkuh0BfbDwJYJ0a6n-5BfxX0''','1','1766159498');

INSERT INTO categories(id,name,image) VALUES('1','''Bags''','''https://fakestoreapi.com/img/81fPKd-2AYL._AC_SL1500_t.png'''),('2','''Clothing''','''https://fakestoreapi.com/img/71-3HjGNDUL._AC_SY879._SX._UX._SY._UY_t.png'''),('3','''Outerwear''','''https://fakestoreapi.com/img/71li-ujtlUL._AC_UX679_t.png'''),('4','''Other''','''https://fakestoreapi.com/img/71YXzeOuslL._AC_UY879_t.png'''),('5','''Jewelry''','''https://fakestoreapi.com/img/71pWzhdJNwL._AC_UL640_QL65_ML3_t.png'''),('6','''Electronics''','''https://fakestoreapi.com/img/61IBBVJvSDL._AC_SY879_t.png'''),('7','''Watches''','''https://cdn.dummyjson.com/product-images/mens-watches/brown-leather-belt-watch/thumbnail.webp''');


INSERT INTO order_items(id,order_id,product_id,product_name,product_price,quantity,subtotal) VALUES('1','8','1','''Fjallraven - Foldsack No. 1 Backpack, Fits 15 Laptops''','109.95','1','109.95'),('2','8','213','''Women\\''s Wrist Watch''','129.99','3','389.97'),('3','8','203','''Green Oval Earring''','24.99','3','74.97');

INSERT INTO orders(id,user_id,recipient,phone,address,total_amount,status,created_at) VALUES('8','1','''1''','''1''','''1''','574.89','''delivered''','1766153351');

INSERT INTO products(id,name,description,price,image,stock,rating,category_id) VALUES('1','''Fjallraven - Foldsack No. 1 Backpack, Fits 15 Laptops''','X''596f75722070657266656374207061636b20666f722065766572796461792075736520616e642077616c6b7320696e2074686520666f726573742e20537461736820796f7572206c6170746f702028757020746f20313520696e636865732920696e207468652070616464656420736c656576652c20796f7572206576657279646179''','109.95','''https://fakestoreapi.com/img/81fPKd-2AYL._AC_SL1500_t.png''','99','5','1'),('2','''Mens Casual Premium Slim Fit T-Shirts ''','X''536c696d2d66697474696e67207374796c652c20636f6e7472617374207261676c616e206c6f6e6720736c656576652c2074687265652d627574746f6e2068656e6c657920706c61636b65742c206c6967687420776569676874202620736f66742066616272696320666f722062726561746861626c6520616e6420636f6d666f727461626c652077656172696e672e20416e6420536f6c696420737469746368656420736869727473207769746820726f756e64206e65636b206d61646520666f72206475726162696c69747920616e6420612067726561742066697420666f722063617375616c2066617368696f6e207765617220616e642064696568617264206261736562616c6c2066616e732e205468652048656e6c6579207374796c6520726f756e64206e65636b6c696e6520696e636c7564657320612074687265652d627574746f6e20706c61636b65742e''','22.3','''https://fakestoreapi.com/img/71-3HjGNDUL._AC_SY879._SX._UX._SY._UY_t.png''','100','5','2'),('3','''Mens Cotton Jacket''','X''6772656174206f7574657277656172206a61636b65747320666f7220537072696e672f417574756d6e2f57696e7465722c207375697461626c6520666f72206d616e79206f63636173696f6e732c207375636820617320776f726b696e672c2068696b696e672c2063616d70696e672c206d6f756e7461696e2f726f636b20636c696d62696e672c206379636c696e672c2074726176656c696e67206f72206f74686572206f7574646f6f72732e20476f6f6420676966742063686f69636520666f7220796f75206f7220796f75722066616d696c79206d656d6265722e2041207761726d2068656172746564206c6f766520746f204661746865722c2068757362616e64206f7220736f6e20696e2074686973207468616e6b73676976696e67206f72204368726973746d6173204461792e''','55.99','''https://fakestoreapi.com/img/71li-ujtlUL._AC_UX679_t.png''','100','5','3'),('4','''Mens Casual Slim Fit''','X''54686520636f6c6f7220636f756c6420626520736c696768746c7920646966666572656e74206265747765656e206f6e207468652073637265656e20616e6420696e2070726163746963652e202f20506c65617365206e6f7465207468617420626f6479206275696c6473207661727920627920706572736f6e2c207468657265666f72652c2064657461696c65642073697a6520696e666f726d6174696f6e2073686f756c642062652072657669657765642062656c6f77206f6e207468652070726f64756374206465736372697074696f6e2e''','15.99','''https://fakestoreapi.com/img/71YXzeOuslL._AC_UY879_t.png''','100','5','4'),('5','''John Hardy Women\\''s Legends Naga Gold & Silver Dragon Station Chain Bracelet''','X''46726f6d206f7572204c6567656e647320436f6c6c656374696f6e2c20746865204e6167612077617320696e73706972656420627920746865206d7974686963616c20776174657220647261676f6e20746861742070726f746563747320746865206f6365616e277320706561726c2e205765617220666163696e6720696e7761726420746f20626520626573746f7765642077697468206c6f766520616e64206162756e64616e63652c206f72206f75747761726420666f722070726f74656374696f6e2e''','695','''https://fakestoreapi.com/img/71pWzhdJNwL._AC_UL640_QL65_ML3_t.png''','100','5','5'),('6','''Solid Gold Petite Micropave ''','X''536174697366616374696f6e2047756172616e746565642e2052657475726e206f722065786368616e676520616e79206f726465722077697468696e20333020646179732e44657369676e656420616e6420736f6c642062792048616665657a2043656e74657220696e2074686520556e69746564205374617465732e20536174697366616374696f6e2047756172616e746565642e2052657475726e206f722065786368616e676520616e79206f726465722077697468696e20333020646179732e''','168','''https://fakestoreapi.com/img/61sbMiUnoGL._AC_UL640_QL65_ML3_t.png''','100','5','4'),('7','''White Gold Plated Princess''','X''436c617373696320437265617465642057656464696e6720456e676167656d656e7420536f6c697461697265204469616d6f6e642050726f6d6973652052696e6720666f72204865722e20476966747320746f2073706f696c20796f7572206c6f7665206d6f726520666f7220456e676167656d656e742c2057656464696e672c20416e6e69766572736172792c2056616c656e74696e652773204461792e2e2e''','9.99','''https://fakestoreapi.com/img/71YAIFU48IL._AC_UL640_QL65_ML3_t.png''','100','5','4'),('8','''Pierced Owl Rose Gold Plated Stainless Steel Double''','X''526f736520476f6c6420506c6174656420446f75626c6520466c617265642054756e6e656c20506c75672045617272696e67732e204d616465206f66203331364c20537461696e6c65737320537465656c''','10.99','''https://fakestoreapi.com/img/51UDEzMJVpL._AC_UL640_QL65_ML3_t.png''','100','5','4'),('9','''WD 2TB Elements Portable External Hard Drive - USB 3.0 ''','X''55534220332e3020616e642055534220322e3020436f6d7061746962696c69747920466173742064617461207472616e736665727320496d70726f766520504320506572666f726d616e636520486967682043617061636974793b20436f6d7061746962696c69747920466f726d6174746564204e54465320666f722057696e646f77732031302c2057696e646f777320382e312c2057696e646f777320373b205265666f726d617474696e67206d617920626520726571756972656420666f72206f74686572206f7065726174696e672073797374656d733b20436f6d7061746962696c697479206d6179207661727920646570656e64696e67206f6e2075736572e280997320686172647761726520636f6e66696775726174696f6e20616e64206f7065726174696e672073797374656d''','64','''https://fakestoreapi.com/img/61IBBVJvSDL._AC_SY879_t.png''','100','5','6'),('10','''SanDisk SSD PLUS 1TB Internal SSD - SATA III 6 Gb/s''','X''45617379207570677261646520666f722066617374657220626f6f742075702c2073687574646f776e2c206170706c69636174696f6e206c6f616420616e6420726573706f6e73652028417320636f6d706172656420746f20353430302052504d205341544120322e35e2809d20686172642064726976653b204261736564206f6e207075626c69736865642073706563696669636174696f6e7320616e6420696e7465726e616c2062656e63686d61726b696e67207465737473207573696e672050434d61726b2076616e746167652073636f7265732920426f6f73747320627572737420777269746520706572666f726d616e63652c206d616b696e6720697420696465616c20666f72207479706963616c20504320776f726b6c6f6164732054686520706572666563742062616c616e6365206f6620706572666f726d616e636520616e642072656c696162696c69747920526561642f777269746520737065656473206f6620757020746f203533354d422f732f3435304d422f7320284261736564206f6e20696e7465726e616c2074657374696e673b20506572666f726d616e6365206d6179207661727920646570656e64696e672075706f6e2064726976652063617061636974792c20686f7374206465766963652c204f5320616e64206170706c69636174696f6e2e29''','109','''https://fakestoreapi.com/img/61U7T1koQqL._AC_SX679_t.png''','100','5','6'),('11','''Silicon Power 256GB SSD 3D NAND A55 SLC Cache Performance Boost SATA III 2.5''','X''3344204e414e4420666c61736820617265206170706c69656420746f2064656c697665722068696768207472616e73666572207370656564732052656d61726b61626c65207472616e7366657220737065656473207468617420656e61626c652066617374657220626f6f74757020616e6420696d70726f766564206f766572616c6c2073797374656d20706572666f726d616e63652e2054686520616476616e63656420534c4320436163686520546563686e6f6c6f677920616c6c6f777320706572666f726d616e636520626f6f737420616e64206c6f6e676572206c6966657370616e20376d6d20736c696d2064657369676e207375697461626c6520666f7220556c747261626f6f6b7320616e6420556c7472612d736c696d206e6f7465626f6f6b732e20537570706f727473205452494d20636f6d6d616e642c204761726261676520436f6c6c656374696f6e20746563686e6f6c6f67792c20524149442c20616e642045434320284572726f7220436865636b696e67202620436f7272656374696f6e2920746f2070726f7669646520746865206f7074696d697a656420706572666f726d616e636520616e6420656e68616e6365642072656c696162696c6974792e''','109','''https://fakestoreapi.com/img/71kWymZ+c+L._AC_SX679_t.png''','100','5','6'),('12','''WD 4TB Gaming Drive Works with Playstation 4 Portable External Hard Drive''','X''457870616e6420796f7572205053342067616d696e6720657870657269656e63652c20506c617920616e797768657265204661737420616e6420656173792c20736574757020536c65656b2064657369676e207769746820686967682063617061636974792c20332d79656172206d616e7566616374757265722773206c696d697465642077617272616e7479''','114','''https://fakestoreapi.com/img/61mtL65D4cL._AC_SX679_t.png''','100','5','6'),('13','''Acer SB220Q bi 21.5 inches Full HD (1920 x 1080) IPS Ultra-Thin''','X''32312e203520696e636865732046756c6c2048442028313932302078203130383029207769646573637265656e2049505320646973706c617920416e6420526164656f6e20667265652053796e6320746563686e6f6c6f67792e204e6f20636f6d7061746962696c69747920666f722056455341204d6f756e74205265667265736820526174653a203735487a202d205573696e672048444d4920706f7274205a65726f2d6672616d652064657369676e207c20756c7472612d7468696e207c20346d7320726573706f6e73652074696d65207c204950532070616e656c2041737065637420726174696f202d2031363a20392e20436f6c6f7220537570706f72746564202d2031362e2037206d696c6c696f6e20636f6c6f72732e204272696768746e657373202d20323530206e69742054696c7420616e676c65202d352064656772656520746f203135206465677265652e20486f72697a6f6e74616c2076696577696e6720616e676c652d313738206465677265652e20566572746963616c2076696577696e6720616e676c652d3137382064656772656520373520686572747a''','599','''https://fakestoreapi.com/img/81QpkIctqPL._AC_SX679_t.png''','100','5','4'),('14','''Samsung 49-Inch CHG90 144Hz Curved Gaming Monitor (LC49HG90DMNXZA) – Super Ultrawide Screen QLED ''','X''343920494e434820535550455220554c545241574944452033323a39204355525645442047414d494e47204d4f4e49544f522077697468206475616c20323720696e63682073637265656e20736964652062792073696465205155414e54554d20444f542028514c45442920544543484e4f4c4f47592c2048445220737570706f727420616e6420666163746f72792063616c6962726174696f6e2070726f7669646573207374756e6e696e676c79207265616c697374696320616e6420616363757261746520636f6c6f7220616e6420636f6e747261737420313434485a20484947482052454652455348205241544520616e6420316d7320756c747261206661737420726573706f6e73652074696d6520776f726b20746f20656c696d696e617465206d6f74696f6e20626c75722c2067686f7374696e672c20616e642072656475636520696e707574206c6167''','999.99','''https://fakestoreapi.com/img/81Zt42ioCgL._AC_SX679_t.png''','100','5','4'),('15','''BIYLACLESEN Women\\''s 3-in-1 Snowboard Jacket Winter Coats''','X''4e6f74653a546865204a61636b657473206973205553207374616e646172642073697a652c20506c656173652063686f6f73652073697a6520617320796f757220757375616c2077656172204d6174657269616c3a203130302520506f6c7965737465723b2044657461636861626c65204c696e6572204661627269633a205761726d20466c656563652e2044657461636861626c652046756e6374696f6e616c204c696e65723a20536b696e20467269656e646c792c204c69676874776569677420616e64205761726d2e5374616e6420436f6c6c6172204c696e6572206a61636b65742c206b65657020796f75207761726d20696e20636f6c6420776561746865722e205a6970706572656420506f636b6574733a2032205a697070657265642048616e6420506f636b6574732c2032205a6970706572656420506f636b657473206f6e2043686573742028656e6f75676820746f206b656570206361726473206f72206b65797329616e6420312048696464656e20506f636b657420496e736964652e5a697070657265642048616e6420506f636b65747320616e642048696464656e20506f636b6574206b65657020796f7572207468696e6773207365637572652e2048756d616e697a65642044657369676e3a2041646a75737461626c6520616e642044657461636861626c6520486f6f6420616e642041646a75737461626c65206375666620746f2070726576656e74207468652077696e6420616e642077617465722c666f72206120636f6d666f727461626c65206669742e203320696e20312044657461636861626c652044657369676e2070726f76696465206d6f726520636f6e76656e69656e63652c20796f752063616e2073657061726174652074686520636f617420616e6420696e6e6572206173206e65656465642c206f72207765617220697420746f6765746865722e204974206973207375697461626c6520666f7220646966666572656e7420736561736f6e20616e642068656c7020796f7520616461707420746f20646966666572656e7420636c696d61746573''','56.99','''https://fakestoreapi.com/img/51Y5NI-I5jL._AC_UX679_t.png''','100','5','3'),('16','''Lock and Love Women\\''s Removable Hooded Faux Leather Moto Biker Jacket''','X''3130302520504f4c595552455448414e45287368656c6c29203130302520504f4c594553544552286c696e696e67292037352520504f4c5945535445522032352520434f54544f4e202853574541544552292c2046617578206c656174686572206d6174657269616c20666f72207374796c6520616e6420636f6d666f7274202f203220706f636b657473206f662066726f6e742c20322d466f722d4f6e6520486f6f6465642064656e696d207374796c652066617578206c656174686572206a61636b65742c20427574746f6e2064657461696c206f6e207761697374202f2044657461696c20737469746368696e672061742073696465732c2048414e442057415348204f4e4c59202f20444f204e4f5420424c45414348202f204c494e4520445259202f20444f204e4f542049524f4e''','29.95','''https://fakestoreapi.com/img/81XH0e8fefL._AC_UY879_t.png''','100','5','3'),('17','''Rain Jacket Women Windbreaker Striped Climbing Raincoats''','X''4c696768747765696768742070657266657420666f722074726970206f722063617375616c20776561722d2d2d4c6f6e6720736c65657665207769746820686f6f6465642c2061646a75737461626c652064726177737472696e672077616973742064657369676e2e20427574746f6e20616e64207a69707065722066726f6e7420636c6f73757265207261696e636f61742c2066756c6c792073747269706573204c696e656420616e6420546865205261696e636f6174206861732032207369646520706f636b65747320617265206120676f6f642073697a6520746f20686f6c6420616c6c206b696e6473206f66207468696e67732c20697420636f766572732074686520686970732c20616e642074686520686f6f642069732067656e65726f75732062757420646f65736e2774206f766572646f2069742e417474616368656420436f74746f6e204c696e656420486f6f6420776974682041646a75737461626c652044726177737472696e677320676976652069742061207265616c207374796c6564206c6f6f6b2e''','39.99','''https://fakestoreapi.com/img/71HblAHs5xL._AC_UY879_-2t.png''','100','5','3'),('18','''MBJ Women\\''s Solid Short Sleeve Boat Neck V ''','X''393525205241594f4e203525205350414e4445582c204d61646520696e20555341206f7220496d706f727465642c20446f204e6f7420426c656163682c204c69676874776569676874206661627269632077697468206772656174207374726574636820666f7220636f6d666f72742c20526962626564206f6e20736c656576657320616e64206e65636b6c696e65202f20446f75626c6520737469746368696e67206f6e20626f74746f6d2068656d''','9.85','''https://fakestoreapi.com/img/71z3kpMAYsL._AC_UY879_t.png''','100','5','4'),('19','''Opna Women\\''s Short Sleeve Moisture''','X''3130302520506f6c7965737465722c204d616368696e6520776173682c203130302520636174696f6e696320706f6c79657374657220696e7465726c6f636b2c204d616368696e65205761736820262050726520536872756e6b20666f722061204772656174204669742c204c696768747765696768742c20726f6f6d7920616e6420686967686c792062726561746861626c652077697468206d6f697374757265207769636b696e67206661627269632077686963682068656c707320746f206b656570206d6f69737475726520617761792c20536f6674204c6967687477656967687420466162726963207769746820636f6d666f727461626c6520562d6e65636b20636f6c6c617220616e64206120736c696d6d6572206669742c2064656c6976657273206120736c65656b2c206d6f72652066656d696e696e652073696c686f756574746520616e6420416464656420436f6d666f7274''','7.95','''https://fakestoreapi.com/img/51eg55uWmdL._AC_UX679_t.png''','100','5','4'),('20','''DANVOUY Womens T Shirt Casual Cotton Short''','X''393525436f74746f6e2c35255370616e6465782c2046656174757265733a2043617375616c2c2053686f727420536c656576652c204c6574746572205072696e742c562d4e65636b2c46617368696f6e20546565732c205468652066616272696320697320736f667420616e642068617320736f6d6520737472657463682e2c204f63636173696f6e3a2043617375616c2f4f66666963652f42656163682f5363686f6f6c2f486f6d652f5374726565742e20536561736f6e3a20537072696e672c53756d6d65722c417574756d6e2c57696e7465722e''','12.99','''https://fakestoreapi.com/img/61pHAEJ4NML._AC_UX679_t.png''','100','5','2'),('21','''Essence Mascara Lash Princess''','X''54686520457373656e6365204d617363617261204c617368205072696e63657373206973206120706f70756c6172206d617363617261206b6e6f776e20666f722069747320766f6c756d697a696e6720616e64206c656e677468656e696e6720656666656374732e2041636869657665206472616d61746963206c617368657320776974682074686973206c6f6e672d6c617374696e6720616e6420637275656c74792d6672656520666f726d756c612e''','9.99','''https://cdn.dummyjson.com/product-images/beauty/essence-mascara-lash-princess/thumbnail.webp''','100','1','4'),('22','''Eyeshadow Palette with Mirror''','X''54686520457965736861646f772050616c657474652077697468204d6972726f72206f6666657273206120766572736174696c652072616e6765206f6620657965736861646f772073686164657320666f72206372656174696e67207374756e6e696e6720657965206c6f6f6b732e20576974682061206275696c742d696e206d6972726f722c206974277320636f6e76656e69656e7420666f72206f6e2d7468652d676f206d616b657570206170706c69636174696f6e2e''','19.99','''https://cdn.dummyjson.com/product-images/beauty/eyeshadow-palette-with-mirror/thumbnail.webp''','100','3','4'),('23','''Powder Canister''','X''54686520506f776465722043616e697374657220697320612066696e656c79206d696c6c65642073657474696e6720706f776465722064657369676e656420746f20736574206d616b65757020616e6420636f6e74726f6c207368696e652e20576974682061206c6967687477656967687420616e64207472616e736c7563656e7420666f726d756c612c2069742070726f7669646573206120736d6f6f746820616e64206d617474652066696e6973682e''','14.99','''https://cdn.dummyjson.com/product-images/beauty/powder-canister/thumbnail.webp''','100','3','4'),('24','''Red Lipstick''','X''54686520526564204c6970737469636b206973206120636c617373696320616e6420626f6c642063686f69636520666f7220616464696e67206120706f70206f6620636f6c6f7220746f20796f7572206c6970732e2057697468206120637265616d7920616e64207069676d656e74656420666f726d756c612c2069742070726f766964657320612076696272616e7420616e64206c6f6e672d6c617374696e672066696e6973682e''','12.99','''https://cdn.dummyjson.com/product-images/beauty/red-lipstick/thumbnail.webp''','100','2','4'),('25','''Red Nail Polish''','X''54686520526564204e61696c20506f6c697368206f66666572732061207269636820616e6420676c6f737379207265642068756520666f722076696272616e7420616e6420706f6c6973686564206e61696c732e2057697468206120717569636b2d647279696e6720666f726d756c612c2069742070726f766964657320612073616c6f6e2d7175616c6974792066696e69736820617420686f6d652e''','8.99','''https://cdn.dummyjson.com/product-images/beauty/red-nail-polish/thumbnail.webp''','100','2','4'),('26','''Calvin Klein CK One''','X''434b204f6e652062792043616c76696e204b6c65696e206973206120636c617373696320756e69736578206672616772616e63652c206b6e6f776e20666f722069747320667265736820616e6420636c65616e207363656e742e2049742773206120766572736174696c65206672616772616e6365207375697461626c6520666f7220657665727964617920776561722e''','49.99','''https://cdn.dummyjson.com/product-images/fragrances/calvin-klein-ck-one/thumbnail.webp''','100','5','4'),('27','''Chanel Coco Noir Eau De''','X''436f636f204e6f6972206279204368616e656c20697320616e20656c6567616e7420616e64206d7973746572696f7573206672616772616e63652c20666561747572696e67206e6f746573206f6620677261706566727569742c20726f73652c20616e642073616e64616c776f6f642e205065726665637420666f72206576656e696e67206f63636173696f6e732e''','129.99','''https://cdn.dummyjson.com/product-images/fragrances/chanel-coco-noir-eau-de/thumbnail.webp''','100','1','4'),('28','''Dior J\\''adore''','X''4a2761646f72652062792044696f722069732061206c75787572696f757320616e6420666c6f72616c206672616772616e63652c206b6e6f776e20666f722069747320626c656e64206f6620796c616e672d796c616e672c20726f73652c20616e64206a61736d696e652e20497420656d626f646965732066656d696e696e69747920616e6420736f706869737469636174696f6e2e''','89.99','''https://cdn.dummyjson.com/product-images/fragrances/dior-j\\''adore/thumbnail.webp''','100','1','4'),('29','''Dolce Shine Eau de''','X''446f6c6365205368696e6520627920446f6c636520262047616262616e6120697320612076696272616e7420616e6420667275697479206672616772616e63652c20666561747572696e67206e6f746573206f66206d616e676f2c206a61736d696e652c20616e6420626c6f6e646520776f6f64732e20497427732061206a6f7966756c20616e6420796f75746866756c207363656e742e''','69.99','''https://cdn.dummyjson.com/product-images/fragrances/dolce-shine-eau-de/thumbnail.webp''','100','3','4'),('30','''Gucci Bloom Eau de''','X''477563636920426c6f6f6d206279204775636369206973206120666c6f72616c20616e64206361707469766174696e67206672616772616e63652c2077697468206e6f746573206f662074756265726f73652c206a61736d696e652c20616e642052616e676f6f6e20637265657065722e20497427732061206d6f6465726e20616e6420726f6d616e746963207363656e742e''','79.99','''https://cdn.dummyjson.com/product-images/fragrances/gucci-bloom-eau-de/thumbnail.webp''','100','3','4'),('31','''Annibale Colombo Bed''','X''54686520416e6e6962616c6520436f6c6f6d626f204265642069732061206c75787572696f757320616e6420656c6567616e7420626564206672616d652c2063726166746564207769746820686967682d7175616c697479206d6174657269616c7320666f72206120636f6d666f727461626c6520616e64207374796c69736820626564726f6f6d2e''','1899.99','''https://cdn.dummyjson.com/product-images/furniture/annibale-colombo-bed/thumbnail.webp''','100','5','4'),('32','''Annibale Colombo Sofa''','X''54686520416e6e6962616c6520436f6c6f6d626f20536f6661206973206120736f706869737469636174656420616e6420636f6d666f727461626c652073656174696e67206f7074696f6e2c20666561747572696e67206578717569736974652064657369676e20616e64207072656d69756d207570686f6c737465727920666f7220796f7572206c6976696e6720726f6f6d2e''','2499.99','''https://cdn.dummyjson.com/product-images/furniture/annibale-colombo-sofa/thumbnail.webp''','100','3','4'),('33','''Bedside Table African Cherry''','X''5468652042656473696465205461626c6520696e204166726963616e204368657272792069732061207374796c69736820616e642066756e6374696f6e616c206164646974696f6e20746f20796f757220626564726f6f6d2c2070726f766964696e6720636f6e76656e69656e742073746f7261676520737061636520616e64206120746f756368206f6620656c6567616e63652e''','299.99','''https://cdn.dummyjson.com/product-images/furniture/bedside-table-african-cherry/thumbnail.webp''','100','2','4'),('34','''Knoll Saarinen Executive Conference Chair''','X''546865204b6e6f6c6c2053616172696e656e2045786563757469766520436f6e666572656e63652043686169722069732061206d6f6465726e20616e64206572676f6e6f6d69632063686169722c207065726665637420666f7220796f7572206f6666696365206f7220636f6e666572656e636520726f6f6d2077697468206974732074696d656c6573732064657369676e2e''','499.99','''https://cdn.dummyjson.com/product-images/furniture/knoll-saarinen-executive-conference-chair/thumbnail.webp''','100','1','4'),('35','''Wooden Bathroom Sink With Mirror''','X''54686520576f6f64656e2042617468726f6f6d2053696e6b2077697468204d6972726f72206973206120756e6971756520616e64207374796c697368206164646974696f6e20746f20796f75722062617468726f6f6d2c20666561747572696e67206120776f6f64656e2073696e6b20636f756e746572746f7020616e642061206d61746368696e67206d6972726f722e''','799.99','''https://cdn.dummyjson.com/product-images/furniture/wooden-bathroom-sink-with-mirror/thumbnail.webp''','100','1','4'),('36','''Apple''','X''467265736820616e64206372697370206170706c65732c207065726665637420666f7220736e61636b696e67206f7220696e636f72706f726174696e6720696e746f20766172696f757320726563697065732e''','1.99','''https://cdn.dummyjson.com/product-images/groceries/apple/thumbnail.webp''','100','4','4'),('37','''Beef Steak''','X''486967682d7175616c697479206265656620737465616b2c20677265617420666f72206772696c6c696e67206f7220636f6f6b696e6720746f20796f757220707265666572726564206c6576656c206f6620646f6e656e6573732e''','12.99','''https://cdn.dummyjson.com/product-images/groceries/beef-steak/thumbnail.webp''','100','5','4'),('38','''Cat Food''','X''4e7574726974696f75732063617420666f6f6420666f726d756c6174656420746f206d656574207468652064696574617279206e65656473206f6620796f75722066656c696e6520667269656e642e''','8.99','''https://cdn.dummyjson.com/product-images/groceries/cat-food/thumbnail.webp''','100','4','4'),('39','''Chicken Meat''','X''467265736820616e642074656e64657220636869636b656e206d6561742c207375697461626c6520666f7220766172696f75732063756c696e617279207072657061726174696f6e732e''','9.99','''https://cdn.dummyjson.com/product-images/groceries/chicken-meat/thumbnail.webp''','100','4','4'),('40','''Cooking Oil''','X''566572736174696c6520636f6f6b696e67206f696c207375697461626c6520666f7220667279696e672c2073617574c3a9696e672c20616e6420766172696f75732063756c696e617279206170706c69636174696f6e732e''','4.99','''https://cdn.dummyjson.com/product-images/groceries/cooking-oil/thumbnail.webp''','100','3','4'),('41','''Cucumber''','X''437269737020616e6420687964726174696e6720637563756d626572732c20696465616c20666f722073616c6164732c20736e61636b732c206f7220617320612072656672657368696e6720736964652e''','1.49','''https://cdn.dummyjson.com/product-images/groceries/cucumber/thumbnail.webp''','100','3','4'),('42','''Dog Food''','X''5370656369616c6c7920666f726d756c6174656420646f6720666f6f642064657369676e656420746f2070726f7669646520657373656e7469616c206e75747269656e747320666f7220796f75722063616e696e6520636f6d70616e696f6e2e''','10.99','''https://cdn.dummyjson.com/product-images/groceries/dog-food/thumbnail.webp''','100','1','4'),('43','''Eggs''','X''467265736820656767732c206120766572736174696c6520696e6772656469656e7420666f722062616b696e672c20636f6f6b696e672c206f7220627265616b666173742e''','2.99','''https://cdn.dummyjson.com/product-images/groceries/eggs/thumbnail.webp''','100','4','4'),('44','''Fish Steak''','X''5175616c697479206669736820737465616b2c207375697461626c6520666f72206772696c6c696e672c2062616b696e672c206f722070616e2d73656172696e672e''','14.99','''https://cdn.dummyjson.com/product-images/groceries/fish-steak/thumbnail.webp''','100','1','4'),('45','''Green Bell Pepper''','X''467265736820616e642076696272616e7420677265656e2062656c6c207065707065722c207065726665637420666f7220616464696e6720636f6c6f7220616e6420666c61766f7220746f20796f7572206469736865732e''','1.29','''https://cdn.dummyjson.com/product-images/groceries/green-bell-pepper/thumbnail.webp''','100','5','4'),('46','''Green Chili Pepper''','X''537069637920677265656e206368696c69207065707065722c20696465616c20666f7220616464696e67206865617420746f20796f7572206661766f7269746520726563697065732e''','0.99','''https://cdn.dummyjson.com/product-images/groceries/green-chili-pepper/thumbnail.webp''','100','4','4'),('47','''Honey Jar''','X''5075726520616e64206e61747572616c20686f6e657920696e206120636f6e76656e69656e74206a61722c207065726665637420666f72207377656574656e696e6720626576657261676573206f72206472697a7a6c696e67206f76657220666f6f642e''','6.99','''https://cdn.dummyjson.com/product-images/groceries/honey-jar/thumbnail.webp''','100','4','4'),('48','''Ice Cream''','X''437265616d7920616e642064656c6963696f75732069636520637265616d2c20617661696c61626c6520696e20766172696f757320666c61766f727320666f7220612064656c6967687466756c2074726561742e''','5.49','''https://cdn.dummyjson.com/product-images/groceries/ice-cream/thumbnail.webp''','100','5','4'),('49','''Juice''','X''52656672657368696e67206672756974206a756963652c207061636b6564207769746820766974616d696e7320616e6420677265617420666f722073746179696e672068796472617465642e''','3.99','''https://cdn.dummyjson.com/product-images/groceries/juice/thumbnail.webp''','100','3','4'),('50','''Kiwi''','X''4e75747269656e742d72696368206b6977692c207065726665637420666f7220736e61636b696e67206f7220616464696e6720612074726f706963616c20747769737420746f20796f7572206469736865732e''','2.49','''https://cdn.dummyjson.com/product-images/groceries/kiwi/thumbnail.webp''','100','2','4'),('51','''Lemon''','X''5a6573747920616e642074616e6779206c656d6f6e732c20766572736174696c6520666f7220636f6f6b696e672c2062616b696e672c206f72206d616b696e672072656672657368696e67206265766572616765732e''','0.79','''https://cdn.dummyjson.com/product-images/groceries/lemon/thumbnail.webp''','100','3','4'),('52','''Milk''','X''467265736820616e64206e7574726974696f7573206d696c6b2c206120737461706c6520666f7220766172696f7573207265636970657320616e64206461696c7920636f6e73756d7074696f6e2e''','3.49','''https://cdn.dummyjson.com/product-images/groceries/milk/thumbnail.webp''','100','2','4'),('53','''Mulberry''','X''537765657420616e64206a75696379206d756c626572726965732c207065726665637420666f7220736e61636b696e67206f7220616464696e6720746f20646573736572747320616e642063657265616c732e''','4.99','''https://cdn.dummyjson.com/product-images/groceries/mulberry/thumbnail.webp''','100','3','4'),('54','''Nescafe Coffee''','X''5175616c69747920636f666665652066726f6d204e6573636166652c20617661696c61626c6520696e20766172696f757320626c656e647320666f722061207269636820616e642073617469736679696e67206375702e''','7.99','''https://cdn.dummyjson.com/product-images/groceries/nescafe-coffee/thumbnail.webp''','100','4','4'),('55','''Potatoes''','X''566572736174696c6520616e64207374617263687920706f7461746f65732c20677265617420666f7220726f617374696e672c206d617368696e672c206f722061732061207369646520646973682e''','2.29','''https://cdn.dummyjson.com/product-images/groceries/potatoes/thumbnail.webp''','100','5','4'),('56','''Protein Powder''','X''4e75747269656e742d7061636b65642070726f7465696e20706f776465722c20696465616c20666f7220737570706c656d656e74696e6720796f75722064696574207769746820657373656e7469616c2070726f7465696e732e''','19.99','''https://cdn.dummyjson.com/product-images/groceries/protein-powder/thumbnail.webp''','100','2','4'),('57','''Red Onions''','X''466c61766f7266756c20616e642061726f6d6174696320726564206f6e696f6e732c207065726665637420666f7220616464696e6720646570746820746f20796f7572207361766f7279206469736865732e''','1.99','''https://cdn.dummyjson.com/product-images/groceries/red-onions/thumbnail.webp''','100','5','4'),('58','''Rice''','X''486967682d7175616c69747920726963652c206120737461706c6520666f7220766172696f75732063756973696e657320616e64206120766572736174696c65206261736520666f72206d616e79206469736865732e''','5.99','''https://cdn.dummyjson.com/product-images/groceries/rice/thumbnail.webp''','100','1','4'),('59','''Soft Drinks''','X''4173736f7274656420736f6674206472696e6b7320696e20766172696f757320666c61766f72732c207065726665637420666f722072656672657368696e67206265766572616765732e''','1.99','''https://cdn.dummyjson.com/product-images/groceries/soft-drinks/thumbnail.webp''','100','3','4'),('60','''Strawberry''','X''537765657420616e642073756363756c656e74207374726177626572726965732c20677265617420666f7220736e61636b696e672c2064657373657274732c206f7220626c656e64696e6720696e746f20736d6f6f74686965732e''','3.99','''https://cdn.dummyjson.com/product-images/groceries/strawberry/thumbnail.webp''','100','5','4'),('61','''Tissue Paper Box''','X''436f6e76656e69656e742074697373756520706170657220626f7820666f72206576657279646179207573652c2070726f766964696e6720736f667420616e64206162736f7262656e7420746973737565732e''','2.49','''https://cdn.dummyjson.com/product-images/groceries/tissue-paper-box/thumbnail.webp''','100','5','4'),('62','''Water''','X''5075726520616e642072656672657368696e6720626f74746c65642077617465722c20657373656e7469616c20666f722073746179696e67206879647261746564207468726f7567686f757420746865206461792e''','0.99','''https://cdn.dummyjson.com/product-images/groceries/water/thumbnail.webp''','100','5','4'),('63','''Decoration Swing''','X''546865204465636f726174696f6e205377696e67206973206120636861726d696e67206164646974696f6e20746f20796f757220686f6d65206465636f722e2043726166746564207769746820696e747269636174652064657461696c732c2069742061646473206120746f756368206f6620656c6567616e636520616e64207768696d737920746f20616e7920726f6f6d2e''','59.99','''https://cdn.dummyjson.com/product-images/home-decoration/decoration-swing/thumbnail.webp''','100','5','4'),('64','''Family Tree Photo Frame''','X''5468652046616d696c7920547265652050686f746f204672616d6520697320612073656e74696d656e74616c20616e64207374796c6973682077617920746f20646973706c617920796f7572206368657269736865642066616d696c79206d656d6f726965732e2057697468206d756c7469706c652070686f746f20736c6f74732c2069742074656c6c73207468652073746f7279206f6620796f7572206c6f766564206f6e65732e''','29.99','''https://cdn.dummyjson.com/product-images/home-decoration/family-tree-photo-frame/thumbnail.webp''','100','2','4'),('65','''House Showpiece Plant''','X''54686520486f7573652053686f77706965636520506c616e7420697320616e206172746966696369616c20706c616e742074686174206272696e6773206120746f756368206f66206e617475726520746f20796f757220686f6d6520776974686f757420746865206e65656420666f72206d61696e74656e616e63652e204974206164647320677265656e65727920616e64207374796c6520746f20616e792073706163652e''','39.99','''https://cdn.dummyjson.com/product-images/home-decoration/house-showpiece-plant/thumbnail.webp''','100','3','4'),('66','''Plant Pot''','X''54686520506c616e7420506f742069732061207374796c69736820636f6e7461696e657220666f7220796f7572206661766f7269746520706c616e74732e2057697468206120736c65656b2064657369676e2c20697420636f6d706c656d656e747320796f757220696e646f6f72206f72206f7574646f6f722067617264656e2c20616464696e672061206d6f6465726e20746f75636820746f20796f757220706c616e7420646973706c61792e''','14.99','''https://cdn.dummyjson.com/product-images/home-decoration/plant-pot/thumbnail.webp''','100','4','4'),('67','''Table Lamp''','X''546865205461626c65204c616d7020697320612066756e6374696f6e616c20616e64206465636f726174697665206c69676874696e6720736f6c7574696f6e20666f7220796f7572206c6976696e672073706163652e20576974682061206d6f6465726e2064657369676e2c2069742070726f766964657320626f746820616d6269656e7420616e64207461736b206c69676874696e672c20656e68616e63696e67207468652061746d6f7370686572652e''','49.99','''https://cdn.dummyjson.com/product-images/home-decoration/table-lamp/thumbnail.webp''','100','3','4'),('68','''Bamboo Spatula''','X''5468652042616d626f6f2053706174756c61206973206120766572736174696c65206b69746368656e20746f6f6c206d6164652066726f6d2065636f2d667269656e646c792062616d626f6f2e20496465616c20666f7220666c697070696e672c207374697272696e672c20616e642073657276696e6720766172696f7573206469736865732e''','7.99','''https://cdn.dummyjson.com/product-images/kitchen-accessories/bamboo-spatula/thumbnail.webp''','100','5','4'),('69','''Black Aluminium Cup''','X''54686520426c61636b20416c756d696e69756d204375702069732061207374796c69736820616e642064757261626c6520637570207375697461626c6520666f7220626f746820686f7420616e6420636f6c64206265766572616765732e2049747320736c65656b20626c61636b2064657369676e20616464732061206d6f6465726e20746f75636820746f20796f7572206472696e6b7761726520636f6c6c656374696f6e2e''','5.99','''https://cdn.dummyjson.com/product-images/kitchen-accessories/black-aluminium-cup/thumbnail.webp''','100','2','4'),('70','''Black Whisk''','X''54686520426c61636b20576869736b2069732061206b69746368656e20657373656e7469616c20666f7220776869736b696e6720616e642062656174696e6720696e6772656469656e74732e20497473206572676f6e6f6d69632068616e646c6520616e6420736c65656b2064657369676e206d616b6520697420612070726163746963616c20616e64207374796c69736820746f6f6c2e''','9.99','''https://cdn.dummyjson.com/product-images/kitchen-accessories/black-whisk/thumbnail.webp''','100','1','4'),('71','''Boxed Blender''','X''54686520426f78656420426c656e646572206973206120706f77657266756c20616e6420636f6d7061637420626c656e646572207065726665637420666f7220736d6f6f74686965732c207368616b65732c20616e64206d6f72652e2049747320636f6e76656e69656e742064657369676e20616e64206d756c7469706c652066756e6374696f6e73206d616b65206974206120766572736174696c65206b69746368656e206170706c69616e63652e''','39.99','''https://cdn.dummyjson.com/product-images/kitchen-accessories/boxed-blender/thumbnail.webp''','100','3','4'),('72','''Carbon Steel Wok''','X''54686520436172626f6e20537465656c20576f6b206973206120766572736174696c6520636f6f6b696e672070616e207375697461626c6520666f7220737469722d667279696e672c2073617574c3a9696e672c20616e64206465657020667279696e672e204974732073747572647920636f6e737472756374696f6e20656e7375726573206576656e206865617420646973747269627574696f6e20666f722064656c6963696f7573206d65616c732e''','29.99','''https://cdn.dummyjson.com/product-images/kitchen-accessories/carbon-steel-wok/thumbnail.webp''','100','2','4'),('73','''Chopping Board''','X''5468652043686f7070696e6720426f61726420697320616e20657373656e7469616c206b69746368656e206163636573736f727920666f7220666f6f64207072657061726174696f6e2e204d6164652066726f6d2064757261626c65206d6174657269616c2c2069742070726f76696465732061207361666520616e642068796769656e6963207375726661636520666f722063757474696e6720616e642063686f7070696e672e''','12.99','''https://cdn.dummyjson.com/product-images/kitchen-accessories/chopping-board/thumbnail.webp''','100','3','4'),('74','''Citrus Squeezer Yellow''','X''546865204369747275732053717565657a657220696e2059656c6c6f7720697320612068616e647920746f6f6c20666f722065787472616374696e67206a756963652066726f6d20636974727573206672756974732e204974732076696272616e7420636f6c6f722061646473206120636865657266756c20746f75636820746f20796f7572206b69746368656e20676164676574732e''','8.99','''https://cdn.dummyjson.com/product-images/kitchen-accessories/citrus-squeezer-yellow/thumbnail.webp''','100','3','4'),('75','''Egg Slicer''','X''5468652045676720536c69636572206973206120636f6e76656e69656e7420746f6f6c20666f7220736c6963696e6720626f696c65642065676773206576656e6c792e2049742773207065726665637420666f722073616c6164732c2073616e647769636865732c20616e64206f746865722064697368657320776865726520736c6963656420656767732061726520646573697265642e''','6.99','''https://cdn.dummyjson.com/product-images/kitchen-accessories/egg-slicer/thumbnail.webp''','100','2','4'),('76','''Electric Stove''','X''54686520456c6563747269632053746f76652070726f7669646573206120706f727461626c6520616e6420656666696369656e7420636f6f6b696e6720736f6c7574696f6e2e20496465616c20666f7220736d616c6c206b69746368656e73206f7220617320616e206164646974696f6e616c20636f6f6b696e67207375726661636520666f7220766172696f75732063756c696e617279206e656564732e''','49.99','''https://cdn.dummyjson.com/product-images/kitchen-accessories/electric-stove/thumbnail.webp''','100','4','4'),('77','''Fine Mesh Strainer''','X''5468652046696e65204d6573682053747261696e6572206973206120766572736174696c6520746f6f6c20666f722073747261696e696e67206c69717569647320616e642073696674696e672064727920696e6772656469656e74732e204974732066696e65206d65736820656e737572657320656666696369656e742066696c746572696e6720666f7220736d6f6f746820636f6f6b696e6720616e642062616b696e672e''','9.99','''https://cdn.dummyjson.com/product-images/kitchen-accessories/fine-mesh-strainer/thumbnail.webp''','100','2','4'),('78','''Fork''','X''54686520466f726b206973206120636c6173736963207574656e73696c20666f7220766172696f75732064696e696e6720616e642073657276696e6720707572706f7365732e204974732064757261626c6520616e64206572676f6e6f6d69632064657369676e206d616b657320697420612072656c6961626c652063686f69636520666f72206576657279646179207573652e''','3.99','''https://cdn.dummyjson.com/product-images/kitchen-accessories/fork/thumbnail.webp''','100','2','4'),('79','''Glass''','X''54686520476c617373206973206120766572736174696c6520616e6420656c6567616e74206472696e6b696e672076657373656c207375697461626c6520666f7220612076617269657479206f66206265766572616765732e2049747320636c6561722064657369676e20616c6c6f777320796f7520746f20656e6a6f792074686520636f6c6f727320616e64207465787475726573206f6620796f7572206472696e6b732e''','4.99','''https://cdn.dummyjson.com/product-images/kitchen-accessories/glass/thumbnail.webp''','100','5','4'),('80','''Grater Black''','X''5468652047726174657220696e20426c61636b20697320612068616e6479206b69746368656e20746f6f6c20666f722067726174696e67206368656573652c20766567657461626c65732c20616e64206d6f72652e2049747320736c65656b2064657369676e20616e6420736861727020626c61646573206d616b6520666f6f64207072657061726174696f6e20656666696369656e7420616e6420656173792e''','10.99','''https://cdn.dummyjson.com/product-images/kitchen-accessories/grater-black/thumbnail.webp''','100','5','4'),('81','''Hand Blender''','X''5468652048616e6420426c656e646572206973206120766572736174696c65206b69746368656e206170706c69616e636520666f7220626c656e64696e672c207075726565696e672c20616e64206d6978696e672e2049747320636f6d706163742064657369676e20616e6420706f77657266756c206d6f746f72206d616b65206974206120636f6e76656e69656e7420746f6f6c20666f7220766172696f757320726563697065732e''','34.99','''https://cdn.dummyjson.com/product-images/kitchen-accessories/hand-blender/thumbnail.webp''','100','1','4'),('82','''Ice Cube Tray''','X''546865204963652043756265205472617920697320612070726163746963616c206163636573736f727920666f72206d616b696e672069636520637562657320696e20766172696f7573207368617065732e205065726665637420666f72206b656570696e6720796f7572206472696e6b7320636f6f6c20616e6420616464696e6720612066756e20656c656d656e7420746f20796f7572206265766572616765732e''','5.99','''https://cdn.dummyjson.com/product-images/kitchen-accessories/ice-cube-tray/thumbnail.webp''','100','3','4'),('83','''Kitchen Sieve''','X''546865204b69746368656e205369657665206973206120766572736174696c6520746f6f6c20666f722073696674696e6720616e642073747261696e696e672064727920616e642077657420696e6772656469656e74732e204974732066696e65206d6573682064657369676e20656e737572657320736d6f6f746820726573756c747320696e20796f757220636f6f6b696e6720616e642062616b696e672e''','7.99','''https://cdn.dummyjson.com/product-images/kitchen-accessories/kitchen-sieve/thumbnail.webp''','100','1','4'),('84','''Knife''','X''546865204b6e69666520697320616e20657373656e7469616c206b69746368656e20746f6f6c20666f722063686f7070696e672c20736c6963696e672c20616e6420646963696e672e2049747320736861727020626c61646520616e64206572676f6e6f6d69632068616e646c65206d616b6520697420612072656c6961626c652063686f69636520666f7220666f6f64207072657061726174696f6e2e''','14.99','''https://cdn.dummyjson.com/product-images/kitchen-accessories/knife/thumbnail.webp''','100','4','4'),('85','''Lunch Box''','X''546865204c756e636820426f78206973206120636f6e76656e69656e7420616e6420706f727461626c6520636f6e7461696e657220666f72207061636b696e6720616e64206361727279696e6720796f7572206d65616c732e205769746820636f6d706172746d656e747320666f7220646966666572656e7420666f6f64732c2069742773207065726665637420666f72206f6e2d7468652d676f2064696e696e672e''','12.99','''https://cdn.dummyjson.com/product-images/kitchen-accessories/lunch-box/thumbnail.webp''','100','3','4'),('86','''Microwave Oven''','X''546865204d6963726f77617665204f76656e206973206120766572736174696c65206b69746368656e206170706c69616e636520666f7220717569636b20616e6420656666696369656e7420636f6f6b696e672c20726568656174696e672c20616e6420646566726f7374696e672e2049747320636f6d706163742073697a65206d616b6573206974207375697461626c6520666f7220766172696f7573206b69746368656e207365747570732e''','89.99','''https://cdn.dummyjson.com/product-images/kitchen-accessories/microwave-oven/thumbnail.webp''','100','4','4'),('87','''Mug Tree Stand''','X''546865204d75672054726565205374616e642069732061207374796c69736820616e642073706163652d736176696e6720736f6c7574696f6e20666f72206f7267616e697a696e6720796f7572206d7567732e204b65657020796f7572206661766f72697465206d75677320656173696c792061636365737369626c6520616e64206e6561746c7920646973706c6179656420696e20796f7572206b69746368656e2e''','15.99','''https://cdn.dummyjson.com/product-images/kitchen-accessories/mug-tree-stand/thumbnail.webp''','100','1','4'),('88','''Pan''','X''5468652050616e206973206120766572736174696c6520616e6420657373656e7469616c20636f6f6b77617265206974656d20666f7220667279696e672c2073617574c3a9696e672c20616e6420636f6f6b696e6720766172696f7573206469736865732e20497473206e6f6e2d737469636b20636f6174696e6720656e7375726573206561737920666f6f642072656c6561736520616e6420636c65616e75702e''','24.99','''https://cdn.dummyjson.com/product-images/kitchen-accessories/pan/thumbnail.webp''','100','5','4'),('89','''Plate''','X''54686520506c617465206973206120636c617373696320616e6420657373656e7469616c206469736877617265206974656d20666f722073657276696e67206d65616c732e204974732064757261626c6520616e64207374796c6973682064657369676e206d616b6573206974207375697461626c6520666f7220657665727964617920757365206f72207370656369616c206f63636173696f6e732e''','3.99','''https://cdn.dummyjson.com/product-images/kitchen-accessories/plate/thumbnail.webp''','100','5','4'),('90','''Red Tongs''','X''5468652052656420546f6e67732061726520766572736174696c65206b69746368656e20746f6e6773207375697461626c6520666f7220766172696f757320636f6f6b696e6720616e642073657276696e67207461736b732e2054686569722076696272616e7420636f6c6f722061646473206120706f70206f66206578636974656d656e7420746f20796f7572206b69746368656e207574656e73696c732e''','6.99','''https://cdn.dummyjson.com/product-images/kitchen-accessories/red-tongs/thumbnail.webp''','100','3','4'),('91','''Silver Pot With Glass Cap''','X''5468652053696c76657220506f74207769746820476c617373204361702069732061207374796c69736820616e642066756e6374696f6e616c20636f6f6b77617265206974656d20666f7220626f696c696e672c2073696d6d6572696e672c20616e6420707265706172696e672064656c6963696f7573206d65616c732e2049747320676c6173732063617020616c6c6f777320796f7520746f206d6f6e69746f7220636f6f6b696e672070726f67726573732e''','39.99','''https://cdn.dummyjson.com/product-images/kitchen-accessories/silver-pot-with-glass-cap/thumbnail.webp''','100','5','4'),('92','''Slotted Turner''','X''54686520536c6f74746564205475726e65722069732061206b69746368656e207574656e73696c2064657369676e656420666f7220666c697070696e6720616e64207475726e696e6720666f6f64206974656d732e2049747320736c6f747465642064657369676e20616c6c6f777320657863657373206c697175696420746f20647261696e2c206d616b696e6720697420696465616c20666f7220667279696e6720616e642073617574c3a9696e672e''','8.99','''https://cdn.dummyjson.com/product-images/kitchen-accessories/slotted-turner/thumbnail.webp''','100','2','4'),('93','''Spice Rack''','X''546865205370696365205261636b206973206120636f6e76656e69656e74206f7267616e697a657220666f7220796f75722073706963657320616e6420736561736f6e696e67732e204b65657020796f7572206b69746368656e20657373656e7469616c732077697468696e20726561636820616e64206e6561746c7920617272616e67656420776974682074686973207374796c697368207370696365207261636b2e''','19.99','''https://cdn.dummyjson.com/product-images/kitchen-accessories/spice-rack/thumbnail.webp''','100','2','4'),('94','''Spoon''','X''5468652053706f6f6e206973206120766572736174696c65206b69746368656e207574656e73696c20666f72207374697272696e672c2073657276696e672c20616e642074617374696e672e20497473206572676f6e6f6d69632064657369676e20616e642064757261626c6520636f6e737472756374696f6e206d616b6520697420616e20657373656e7469616c20746f6f6c20666f72206576657279206b69746368656e2e''','4.99','''https://cdn.dummyjson.com/product-images/kitchen-accessories/spoon/thumbnail.webp''','100','3','4'),('95','''Tray''','X''546865205472617920697320612066756e6374696f6e616c20616e64206465636f726174697665206974656d20666f722073657276696e6720736e61636b732c206170706574697a6572732c206f72206472696e6b732e20497473207374796c6973682064657369676e206d616b6573206974206120766572736174696c65206163636573736f727920666f7220656e7465727461696e696e67206775657374732e''','16.99','''https://cdn.dummyjson.com/product-images/kitchen-accessories/tray/thumbnail.webp''','100','5','4'),('96','''Wooden Rolling Pin''','X''54686520576f6f64656e20526f6c6c696e672050696e206973206120636c6173736963206b69746368656e20746f6f6c20666f7220726f6c6c696e67206f757420646f75676820666f722062616b696e672e2049747320736d6f6f7468207375726661636520616e64207374757264792068616e646c6573206d616b65206974206561737920746f206163686965766520756e69666f726d20746869636b6e6573732e''','11.99','''https://cdn.dummyjson.com/product-images/kitchen-accessories/wooden-rolling-pin/thumbnail.webp''','100','5','4'),('97','''Yellow Peeler''','X''5468652059656c6c6f77205065656c657220697320612068616e647920746f6f6c20666f72207065656c696e672066727569747320616e6420766567657461626c6573207769746820656173652e20497473206272696768742079656c6c6f7720636f6c6f722061646473206120636865657266756c20746f75636820746f20796f7572206b69746368656e20676164676574732e''','5.99','''https://cdn.dummyjson.com/product-images/kitchen-accessories/yellow-peeler/thumbnail.webp''','100','3','4'),('98','''Apple MacBook Pro 14 Inch Space Grey''','X''546865204d6163426f6f6b2050726f20313420496e636820696e2053706163652047726579206973206120706f77657266756c20616e6420736c65656b206c6170746f702c20666561747572696e67204170706c652773204d312050726f206368697020666f7220657863657074696f6e616c20706572666f726d616e636520616e642061207374756e6e696e6720526574696e6120646973706c61792e''','1999.99','''https://cdn.dummyjson.com/product-images/laptops/apple-macbook-pro-14-inch-space-grey/thumbnail.webp''','100','1','4'),('99','''Asus Zenbook Pro Dual Screen Laptop''','X''5468652041737573205a656e626f6f6b2050726f204475616c2053637265656e204c6170746f70206973206120686967682d706572666f726d616e6365206465766963652077697468206475616c2073637265656e732c2070726f766964696e672070726f64756374697669747920616e6420766572736174696c69747920666f722063726561746976652070726f66657373696f6e616c732e''','1799.99','''https://cdn.dummyjson.com/product-images/laptops/asus-zenbook-pro-dual-screen-laptop/thumbnail.webp''','100','4','2'),('100','''Huawei Matebook X Pro''','X''54686520487561776569204d617465626f6f6b20582050726f206973206120736c696d20616e64207374796c697368206c6170746f702077697468206120686967682d7265736f6c7574696f6e20746f75636873637265656e20646973706c61792c206f66666572696e672061207072656d69756d20657870657269656e636520666f72207573657273206f6e2074686520676f2e''','1399.99','''https://cdn.dummyjson.com/product-images/laptops/huawei-matebook-x-pro/thumbnail.webp''','100','5','4'),('101','''Lenovo Yoga 920''','X''546865204c656e6f766f20596f676120393230206973206120322d696e2d3120636f6e7665727469626c65206c6170746f702077697468206120666c657869626c652068696e67652c20616c6c6f77696e6720796f7520746f207573652069742061732061206c6170746f70206f72207461626c65742c206f66666572696e6720766572736174696c69747920616e6420706f72746162696c6974792e''','1099.99','''https://cdn.dummyjson.com/product-images/laptops/lenovo-yoga-920/thumbnail.webp''','100','3','4'),('102','''New DELL XPS 13 9300 Laptop''','X''546865204e65772044454c4c205850532031332039333030204c6170746f70206973206120636f6d7061637420616e6420706f77657266756c206465766963652c20666561747572696e672061207669727475616c6c7920626f726465726c65737320496e66696e6974794564676520646973706c617920616e6420686967682d656e6420706572666f726d616e636520666f7220766172696f7573207461736b732e''','1499.99','''https://cdn.dummyjson.com/product-images/laptops/new-dell-xps-13-9300-laptop/thumbnail.webp''','100','4','2'),('103','''Blue & Black Check Shirt''','X''54686520426c7565202620426c61636b20436865636b2053686972742069732061207374796c69736820616e6420636f6d666f727461626c65206d656e277320736869727420666561747572696e67206120636c617373696320636865636b207061747465726e2e204d6164652066726f6d20686967682d7175616c697479206661627269632c2069742773207375697461626c6520666f7220626f74682063617375616c20616e642073656d692d666f726d616c206f63636173696f6e732e''','29.99','''https://cdn.dummyjson.com/product-images/mens-shirts/blue-&-black-check-shirt/thumbnail.webp''','100','1','2'),('104','''Gigabyte Aorus Men Tshirt''','X''54686520476967616279746520416f727573204d656e20547368697274206973206120636f6f6c20616e642063617375616c20736869727420666f722067616d696e6720656e7468757369617374732e20576974682074686520416f727573206c6f676f20616e6420736c65656b2064657369676e2c2069742773207065726665637420666f722065787072657373696e6720796f75722067616d696e67207374796c652e''','24.99','''https://cdn.dummyjson.com/product-images/mens-shirts/gigabyte-aorus-men-tshirt/thumbnail.webp''','100','4','2'),('105','''Man Plaid Shirt''','X''546865204d616e20506c61696420536869727420697320612074696d656c65737320616e6420766572736174696c65206d656e27732073686972742077697468206120636c617373696320706c616964207061747465726e2e2049747320636f6d666f727461626c652066697420616e642063617375616c207374796c65206d616b6520697420612077617264726f626520657373656e7469616c20666f7220766172696f7573206f63636173696f6e732e''','34.99','''https://cdn.dummyjson.com/product-images/mens-shirts/man-plaid-shirt/thumbnail.webp''','100','4','2'),('106','''Man Short Sleeve Shirt''','X''546865204d616e2053686f727420536c65657665205368697274206973206120627265657a7920616e64207374796c697368206f7074696f6e20666f72207761726d20646179732e2057697468206120636f6d666f727461626c652066697420616e642073686f727420736c65657665732c2069742773207065726665637420666f722061206c6169642d6261636b2079657420706f6c6973686564206c6f6f6b2e''','19.99','''https://cdn.dummyjson.com/product-images/mens-shirts/man-short-sleeve-shirt/thumbnail.webp''','100','4','2'),('107','''Men Check Shirt''','X''546865204d656e20436865636b205368697274206973206120636c617373696320616e6420766572736174696c6520736869727420666561747572696e672061207374796c69736820636865636b207061747465726e2e205375697461626c6520666f7220766172696f7573206f63636173696f6e732c2069742061646473206120736d61727420616e6420706f6c697368656420746f75636820746f20796f75722077617264726f62652e''','27.99','''https://cdn.dummyjson.com/product-images/mens-shirts/men-check-shirt/thumbnail.webp''','100','1','2'),('108','''Nike Air Jordan 1 Red And Black''','X''546865204e696b6520416972204a6f7264616e203120696e2052656420616e6420426c61636b20697320616e2069636f6e6963206261736b657462616c6c20736e65616b6572206b6e6f776e20666f7220697473207374796c6973682064657369676e20616e6420686967682d706572666f726d616e63652066656174757265732c206d616b696e672069742061206661766f7269746520616d6f6e6720736e65616b657220656e74687573696173747320616e64206174686c657465732e''','149.99','''https://cdn.dummyjson.com/product-images/mens-shoes/nike-air-jordan-1-red-and-black/thumbnail.webp''','100','1','4'),('109','''Nike Baseball Cleats''','X''4e696b65204261736562616c6c20436c65617473206172652064657369676e656420666f72206d6178696d756d207472616374696f6e20616e6420706572666f726d616e6365206f6e20746865206261736562616c6c206669656c642e20546865792070726f766964652073746162696c69747920616e6420737570706f727420666f7220706c617965727320647572696e672067616d657320616e64207072616374696365732e''','79.99','''https://cdn.dummyjson.com/product-images/mens-shoes/nike-baseball-cleats/thumbnail.webp''','100','3','4'),('110','''Puma Future Rider Trainers''','X''5468652050756d612046757475726520526964657220547261696e657273206f66666572206120626c656e64206f6620726574726f207374796c6520616e64206d6f6465726e20636f6d666f72742e205065726665637420666f722063617375616c20776561722c20746865736520747261696e6572732070726f7669646520612066617368696f6e61626c6520616e6420636f6d666f727461626c65206f7074696f6e20666f72206576657279646179207573652e''','89.99','''https://cdn.dummyjson.com/product-images/mens-shoes/puma-future-rider-trainers/thumbnail.webp''','100','2','4'),('111','''Sports Sneakers Off White & Red''','X''5468652053706f72747320536e65616b65727320696e204f666620576869746520616e642052656420636f6d62696e65207374796c6520616e642066756e6374696f6e616c6974792c206d616b696e67207468656d20612066617368696f6e61626c652063686f69636520666f722073706f72747320656e7468757369617374732e205468652072656420616e64206f66662d776869746520636f6c6f7220636f6d62696e6174696f6e2061646473206120626f6c6420616e6420656e6572676574696320746f7563682e''','119.99','''https://cdn.dummyjson.com/product-images/mens-shoes/sports-sneakers-off-white-&-red/thumbnail.webp''','100','1','4'),('112','''Sports Sneakers Off White Red''','X''416e6f746865722076617269616e74206f66207468652053706f72747320536e65616b65727320696e204f6666205768697465205265642c20666561747572696e67206120756e697175652064657369676e2e20546865736520736e65616b657273206f66666572207374796c6520616e6420636f6d666f727420666f722063617375616c206f63636173696f6e732e''','109.99','''https://cdn.dummyjson.com/product-images/mens-shoes/sports-sneakers-off-white-red/thumbnail.webp''','100','2','4'),('113','''Brown Leather Belt Watch''','X''5468652042726f776e204c6561746865722042656c742057617463682069732061207374796c6973682074696d6570696563652077697468206120636c61737369632064657369676e2e20466561747572696e6720612067656e75696e65206c65617468657220737472617020616e64206120736c65656b206469616c2c2069742061646473206120746f756368206f6620736f706869737469636174696f6e20746f20796f7572206c6f6f6b2e''','89.99','''https://cdn.dummyjson.com/product-images/mens-watches/brown-leather-belt-watch/thumbnail.webp''','100','4','7'),('114','''Longines Master Collection''','X''546865204c6f6e67696e6573204d617374657220436f6c6c656374696f6e20697320616e20656c6567616e7420616e6420726566696e6564207761746368206b6e6f776e20666f722069747320707265636973696f6e20616e64206372616674736d616e736869702e205769746820612074696d656c6573732064657369676e2c206974277320612073796d626f6c206f66206c757875727920616e6420736f706869737469636174696f6e2e''','1499.99','''https://cdn.dummyjson.com/product-images/mens-watches/longines-master-collection/thumbnail.webp''','100','1','4'),('115','''Rolex Cellini Date Black Dial''','X''54686520526f6c65782043656c6c696e692044617465207769746820426c61636b204469616c206973206120636c617373696320616e642070726573746967696f75732077617463682e2057697468206120626c61636b206469616c20616e64206461746520636f6d706c69636174696f6e2c2069742065787564657320736f706869737469636174696f6e20616e6420697320612073796d626f6c206f6620526f6c657827732068657269746167652e''','8999.99','''https://cdn.dummyjson.com/product-images/mens-watches/rolex-cellini-date-black-dial/thumbnail.webp''','100','2','4'),('116','''Rolex Cellini Moonphase''','X''54686520526f6c65782043656c6c696e69204d6f6f6e70686173652077617463682069732061206d61737465727069656365206f6620686f726f6c6f67792e20466561747572696e672061206d6f6f6e20706861736520636f6d706c69636174696f6e2c2069742073686f77636173657320746865206372616674736d616e7368697020616e6420656c6567616e6365207468617420526f6c65782069732072656e6f776e656420666f722e''','16000','''https://cdn.dummyjson.com/product-images/womens-watches/rolex-cellini-moonphase/thumbnail.webp''','100','5','4'),('117','''Rolex Datejust''','X''54686520526f6c657820446174656a75737420697320616e2069636f6e696320616e6420766572736174696c652074696d6570696563652077697468206120646174652077696e646f772e204b6e6f776e20666f72206974732074696d656c6573732064657369676e20616e642072656c696162696c6974792c206974277320612073796d626f6c206f6620526f6c657827732077617463686d616b696e6720657863656c6c656e63652e''','11000','''https://cdn.dummyjson.com/product-images/mens-watches/rolex-datejust/thumbnail.webp''','100','5','4'),('118','''Rolex Submariner Watch''','X''54686520526f6c6578205375626d6172696e65722069732061206c6567656e64617279206469766520776174636820776974682061207269636820686973746f72792e204b6e6f776e20666f7220697473206475726162696c69747920616e6420776174657220726573697374616e63652c206974277320612073796d626f6c206f6620616476656e7475726520616e64206578706c6f726174696f6e2e''','14000','''https://cdn.dummyjson.com/product-images/mens-watches/rolex-submariner-watch/thumbnail.webp''','100','1','7'),('119','''Amazon Echo Plus''','X''54686520416d617a6f6e204563686f20506c7573206973206120736d61727420737065616b65722077697468206275696c742d696e20416c65786120766f69636520636f6e74726f6c2e204974206665617475726573207072656d69756d20736f756e64207175616c69747920616e642073657276657320617320612068756220666f7220636f6e74726f6c6c696e6720736d61727420686f6d6520646576696365732e''','99.99','''https://cdn.dummyjson.com/product-images/mobile-accessories/amazon-echo-plus/thumbnail.webp''','100','3','4'),('120','''Apple Airpods''','X''546865204170706c6520416972706f6473206f666665722061207365616d6c65737320776972656c65737320617564696f20657870657269656e63652e205769746820656173792070616972696e672c20686967682d7175616c69747920736f756e642c20616e64205369726920696e746567726174696f6e2c207468657920617265207065726665637420666f72206f6e2d7468652d676f206c697374656e696e672e''','129.99','''https://cdn.dummyjson.com/product-images/mobile-accessories/apple-airpods/thumbnail.webp''','100','2','4'),('121','''Apple AirPods Max Silver''','X''546865204170706c6520416972506f6473204d617820696e2053696c76657220617265207072656d69756d206f7665722d656172206865616470686f6e6573207769746820686967682d666964656c69747920617564696f2c2061646170746976652045512c20616e6420616374697665206e6f6973652063616e63656c6c6174696f6e2e20457870657269656e636520696d6d65727369766520736f756e6420696e207374796c652e''','549.99','''https://cdn.dummyjson.com/product-images/mobile-accessories/apple-airpods-max-silver/thumbnail.webp''','100','2','4'),('122','''Apple Airpower Wireless Charger''','X''546865204170706c6520416972506f77657220576972656c65737320436861726765722070726f7669646573206120636f6e76656e69656e742077617920746f2063686172676520796f757220636f6d70617469626c65204170706c65206465766963657320776972656c6573736c792e2053696d706c7920706c61636520796f75722064657669636573206f6e20746865206368617267696e67206d617420666f72206566666f72746c657373206368617267696e672e''','79.99','''https://cdn.dummyjson.com/product-images/mobile-accessories/apple-airpower-wireless-charger/thumbnail.webp''','100','3','4'),('123','''Apple HomePod Mini Cosmic Grey''','X''546865204170706c6520486f6d65506f64204d696e6920696e20436f736d69632047726579206973206120636f6d7061637420736d61727420737065616b657220746861742064656c697665727320696d707265737369766520617564696f20616e6420696e7465677261746573207365616d6c6573736c79207769746820746865204170706c652065636f73797374656d20666f72206120736d61727420686f6d6520657870657269656e63652e''','99.99','''https://cdn.dummyjson.com/product-images/mobile-accessories/apple-homepod-mini-cosmic-grey/thumbnail.webp''','100','2','4'),('124','''Apple iPhone Charger''','X''546865204170706c65206950686f6e652043686172676572206973206120686967682d7175616c69747920636861726765722064657369676e656420666f72206661737420616e6420656666696369656e74206368617267696e67206f6620796f7572206950686f6e652e20456e7375726520796f75722064657669636520737461797320706f776572656420757020616e6420726561647920746f20676f2e''','19.99','''https://cdn.dummyjson.com/product-images/mobile-accessories/apple-iphone-charger/thumbnail.webp''','100','3','4'),('125','''Apple MagSafe Battery Pack''','X''546865204170706c65204d6167536166652042617474657279205061636b206973206120706f727461626c6520616e6420636f6e76656e69656e742077617920746f206164642065787472612062617474657279206c69666520746f20796f7572204d6167536166652d636f6d70617469626c65206950686f6e652e20417474616368206974206d61676e65746963616c6c7920666f7220612073656375726520636f6e6e656374696f6e2e''','99.99','''https://cdn.dummyjson.com/product-images/mobile-accessories/apple-magsafe-battery-pack/thumbnail.webp''','100','2','1'),('126','''Apple Watch Series 4 Gold''','X''546865204170706c6520576174636820536572696573203420696e20476f6c642069732061207374796c69736820616e6420616476616e63656420736d61727477617463682077697468206665617475726573206c696b652068656172742072617465206d6f6e69746f72696e672c206669746e65737320747261636b696e672c20616e6420612062656175746966756c20526574696e6120646973706c61792e''','349.99','''https://cdn.dummyjson.com/product-images/mobile-accessories/apple-watch-series-4-gold/thumbnail.webp''','100','5','7'),('127','''Beats Flex Wireless Earphones''','X''54686520426561747320466c657820576972656c6573732045617270686f6e6573206f66666572206120636f6d666f727461626c6520616e6420766572736174696c6520617564696f20657870657269656e63652e2057697468206d61676e65746963206561726275647320616e6420757020746f20313220686f757273206f662062617474657279206c6966652c20746865792061726520696465616c20666f72206576657279646179207573652e''','49.99','''https://cdn.dummyjson.com/product-images/mobile-accessories/beats-flex-wireless-earphones/thumbnail.webp''','100','1','4'),('128','''iPhone 12 Silicone Case with MagSafe Plum''','X''546865206950686f6e652031322053696c69636f6e6520436173652077697468204d61675361666520696e20506c756d2069732061207374796c69736820616e642070726f7465637469766520636173652064657369676e656420666f7220746865206950686f6e652031322e204974206665617475726573204d61675361666520746563686e6f6c6f677920666f722065617379206174746163686d656e74206f66206163636573736f726965732e''','29.99','''https://cdn.dummyjson.com/product-images/mobile-accessories/iphone-12-silicone-case-with-magsafe-plum/thumbnail.webp''','100','2','4'),('129','''Monopod''','X''546865204d6f6e6f706f64206973206120766572736174696c652063616d657261206163636573736f727920666f7220737461626c6520616e642061646a75737461626c652073686f6f74696e672e205065726665637420666f7220636170747572696e672073656c666965732c2067726f75702070686f746f732c20616e6420766964656f73207769746820656173652e''','19.99','''https://cdn.dummyjson.com/product-images/mobile-accessories/monopod/thumbnail.webp''','100','2','4'),('130','''Selfie Lamp with iPhone''','X''5468652053656c666965204c616d702077697468206950686f6e65206973206120706f727461626c6520616e642061646a75737461626c65204c4544206c696768742064657369676e656420746f20656e68616e636520796f75722073656c6669657320616e6420766964656f2063616c6c732e2041747461636820697420746f20796f7572206950686f6e6520666f722077656c6c2d6c69742070686f746f732e''','14.99','''https://cdn.dummyjson.com/product-images/mobile-accessories/selfie-lamp-with-iphone/thumbnail.webp''','100','3','4'),('131','''Selfie Stick Monopod''','X''5468652053656c66696520537469636b204d6f6e6f706f64206973206120657874656e6461626c6520616e6420666f6c6461626c652064657669636520666f7220636170747572696e672074686520706572666563742073656c666965206f722067726f75702070686f746f2e20436f6d70617469626c65207769746820736d61727470686f6e657320616e642063616d657261732e''','12.99','''https://cdn.dummyjson.com/product-images/mobile-accessories/selfie-stick-monopod/thumbnail.webp''','100','5','4'),('132','''TV Studio Camera Pedestal''','X''5468652054562053747564696f2043616d65726120506564657374616c20697320612070726f66657373696f6e616c2d67726164652063616d65726120737570706f72742073797374656d20666f7220736d6f6f746820616e6420707265636973652063616d657261206d6f76656d656e747320696e20612073747564696f2073657474696e672e20496465616c20666f722062726f61646361737420616e642070726f64756374696f6e2e''','499.99','''https://cdn.dummyjson.com/product-images/mobile-accessories/tv-studio-camera-pedestal/thumbnail.webp''','100','4','4'),('133','''Generic Motorcycle''','X''5468652047656e65726963204d6f746f726379636c65206973206120766572736174696c6520616e642072656c6961626c652062696b65207375697461626c6520666f7220766172696f757320726964696e6720707265666572656e6365732e205769746820612062616c616e6365642064657369676e2c2069742070726f7669646573206120636f6d666f727461626c6520616e6420656666696369656e7420726964696e6720657870657269656e63652e''','3999.99','''https://cdn.dummyjson.com/product-images/motorcycle/generic-motorcycle/thumbnail.webp''','100','5','4'),('134','''Kawasaki Z800''','X''546865204b61776173616b69205a383030206973206120706f77657266756c20616e64206167696c652073706f727462696b65206b6e6f776e20666f722069747320737472696b696e672064657369676e20616e6420706572666f726d616e63652e2049742773206571756970706564207769746820616476616e6365642066656174757265732c206d616b696e672069742061206661766f7269746520616d6f6e67206d6f746f726379636c6520656e7468757369617374732e''','8999.99','''https://cdn.dummyjson.com/product-images/motorcycle/kawasaki-z800/thumbnail.webp''','100','2','4'),('135','''MotoGP CI.H1''','X''546865204d6f746f47502043492e4831206973206120686967682d706572666f726d616e6365206d6f746f726379636c6520696e737069726564206279204d6f746f475020726163696e6720746563686e6f6c6f67792e204974206f66666572732063757474696e672d6564676520666561747572657320616e6420707265636973696f6e20656e67696e656572696e6720666f7220616e20657868696c61726174696e6720726964696e6720657870657269656e63652e''','15000','''https://cdn.dummyjson.com/product-images/motorcycle/motogp-ci.h1/thumbnail.webp''','100','2','4'),('136','''Scooter Motorcycle''','X''5468652053636f6f746572204d6f746f726379636c6520697320612070726163746963616c20616e64206675656c2d656666696369656e742062696b6520696465616c20666f7220757262616e20636f6d6d7574696e672e204974206665617475726573206120737465702d7468726f7567682064657369676e20616e6420757365722d667269656e646c7920636f6e74726f6c7320666f722065617379206d616e65757665726162696c6974792e''','2999.99','''https://cdn.dummyjson.com/product-images/motorcycle/scooter-motorcycle/thumbnail.webp''','100','4','4'),('137','''Sportbike Motorcycle''','X''5468652053706f727462696b65204d6f746f726379636c652069732064657369676e656420666f7220737065656420616e64206167696c6974792c2077697468206120736c65656b20616e64206165726f64796e616d69632070726f66696c652e2049742773207375697461626c6520666f7220726964657273206c6f6f6b696e6720666f7220612064796e616d696320616e6420746872696c6c696e6720726964696e6720657870657269656e63652e''','7499.99','''https://cdn.dummyjson.com/product-images/motorcycle/sportbike-motorcycle/thumbnail.webp''','100','2','4'),('138','''Attitude Super Leaves Hand Soap''','X''4174746974756465205375706572204c65617665732048616e6420536f61702069732061206e61747572616c20616e64206e6f7572697368696e672068616e6420736f617020656e72696368656420776974682074686520676f6f646e657373206f66207375706572206c65617665732e20497420636c65616e73657320616e64206d6f6973747572697a657320796f75722068616e64732c206c656176696e67207468656d206665656c696e6720667265736820616e6420736f66742e''','8.99','''https://cdn.dummyjson.com/product-images/skin-care/attitude-super-leaves-hand-soap/thumbnail.webp''','100','3','4'),('139','''Olay Ultra Moisture Shea Butter Body Wash''','X''4f6c617920556c747261204d6f69737475726520536865612042757474657220426f647920576173682069732061206c75787572696f757320626f64792077617368207468617420687964726174657320616e64206e6f7572697368657320796f757220736b696e207769746820746865206d6f6973747572697a696e6720706f776572206f662073686561206275747465722e20456e6a6f7920612072696368206c617468657220616e642073696c6b792d736d6f6f746820736b696e2e''','12.99','''https://cdn.dummyjson.com/product-images/skin-care/olay-ultra-moisture-shea-butter-body-wash/thumbnail.webp''','100','2','4'),('140','''Vaseline Men Body and Face Lotion''','X''566173656c696e65204d656e20426f647920616e642046616365204c6f74696f6e2069732061207370656369616c6c7920666f726d756c61746564206c6f74696f6e2064657369676e656420746f2070726f76696465206c6f6e672d6c617374696e67206d6f69737475726520746f206d656e277320736b696e2e204974206162736f72627320717569636b6c7920616e642068656c7073206b6565702074686520736b696e20687964726174656420616e64206865616c7468792e''','9.99','''https://cdn.dummyjson.com/product-images/skin-care/vaseline-men-body-and-face-lotion/thumbnail.webp''','100','4','4'),('141','''iPhone 5s''','X''546865206950686f6e65203573206973206120636c617373696320736d61727470686f6e65206b6e6f776e20666f722069747320636f6d706163742064657369676e20616e6420616476616e63656420666561747572657320647572696e67206974732072656c656173652e205768696c65206974277320616e206f6c646572206d6f64656c2c206974207374696c6c2070726f766964657320612072656c6961626c65207573657220657870657269656e63652e''','199.99','''https://cdn.dummyjson.com/product-images/smartphones/iphone-5s/thumbnail.webp''','100','4','4'),('142','''iPhone 6''','X''546865206950686f6e6520362069732061207374796c69736820616e642063617061626c6520736d61727470686f6e6520776974682061206c617267657220646973706c617920616e6420696d70726f76656420706572666f726d616e63652e20497420696e74726f6475636564206e657720666561747572657320616e642064657369676e20656c656d656e74732c206d616b696e67206974206120706f70756c61722063686f69636520696e206974732074696d652e''','299.99','''https://cdn.dummyjson.com/product-images/smartphones/iphone-6/thumbnail.webp''','100','5','4'),('143','''iPhone 13 Pro''','X''546865206950686f6e652031332050726f20697320612063757474696e672d6564676520736d61727470686f6e652077697468206120706f77657266756c2063616d6572612073797374656d2c20686967682d706572666f726d616e636520636869702c20616e64207374756e6e696e6720646973706c61792e204974206f666665727320616476616e63656420666561747572657320666f722075736572732077686f2064656d616e6420746f702d6e6f74636820746563686e6f6c6f67792e''','1099.99','''https://cdn.dummyjson.com/product-images/smartphones/iphone-13-pro/thumbnail.webp''','100','2','4'),('144','''iPhone X''','X''546865206950686f6e652058206973206120666c61677368697020736d61727470686f6e6520666561747572696e6720612062657a656c2d6c657373204f4c454420646973706c61792c2066616369616c207265636f676e6974696f6e20746563686e6f6c6f6779202846616365204944292c20616e6420696d707265737369766520706572666f726d616e63652e20497420726570726573656e74732061206d696c6573746f6e6520696e206950686f6e652064657369676e20616e6420696e6e6f766174696f6e2e''','899.99','''https://cdn.dummyjson.com/product-images/smartphones/iphone-x/thumbnail.webp''','100','2','4'),('145','''Oppo A57''','X''546865204f70706f204135372069732061206d69642d72616e676520736d61727470686f6e65206b6e6f776e20666f722069747320736c65656b2064657369676e20616e642063617061626c652066656174757265732e204974206f666665727320612062616c616e6365206f6620706572666f726d616e636520616e64206166666f72646162696c6974792c206d616b696e67206974206120706f70756c61722063686f6963652e''','249.99','''https://cdn.dummyjson.com/product-images/smartphones/oppo-a57/thumbnail.webp''','100','1','4'),('146','''Oppo F19 Pro Plus''','X''546865204f70706f204631392050726f20506c7573206973206120666561747572652d7269636820736d61727470686f6e652077697468206120666f637573206f6e2063616d657261206361706162696c69746965732e20497420626f6173747320616476616e6365642070686f746f67726170687920666561747572657320616e64206120706f77657266756c20706572666f726d616e636520666f722061207072656d69756d207573657220657870657269656e63652e''','399.99','''https://cdn.dummyjson.com/product-images/smartphones/oppo-f19-pro-plus/thumbnail.webp''','100','1','4'),('147','''Oppo K1''','X''546865204f70706f204b3120736572696573206f666665727320612072616e6765206f6620736d61727470686f6e6573207769746820766172696f757320666561747572657320616e642073706563696669636174696f6e732e204b6e6f776e20666f72207468656972207374796c6973682064657369676e20616e642072656c6961626c6520706572666f726d616e63652c20746865204f70706f204b31207365726965732063617465727320746f2064697665727365207573657220707265666572656e6365732e''','299.99','''https://cdn.dummyjson.com/product-images/smartphones/oppo-k1/thumbnail.webp''','100','1','4'),('148','''Realme C35''','X''546865205265616c6d65204333352069732061206275646765742d667269656e646c7920736d61727470686f6e652077697468206120666f637573206f6e2070726f766964696e6720657373656e7469616c20666561747572657320666f72206576657279646179207573652e204974206f666665727320612072656c6961626c6520706572666f726d616e636520616e6420757365722d667269656e646c7920657870657269656e63652e''','149.99','''https://cdn.dummyjson.com/product-images/smartphones/realme-c35/thumbnail.webp''','100','5','4'),('149','''Realme X''','X''546865205265616c6d6520582069732061206d69642d72616e676520736d61727470686f6e65206b6e6f776e20666f722069747320736c65656b2064657369676e20616e6420696d707265737369766520646973706c61792e204974206f6666657273206120676f6f642062616c616e6365206f6620706572666f726d616e636520616e642063616d657261206361706162696c697469657320666f72207573657273207365656b696e672061207175616c697479206465766963652e''','299.99','''https://cdn.dummyjson.com/product-images/smartphones/realme-x/thumbnail.webp''','100','1','4'),('150','''Realme XT''','X''546865205265616c6d65205854206973206120666561747572652d7269636820736d61727470686f6e652077697468206120666f637573206f6e2063616d65726120746563686e6f6c6f67792e20497420636f6d6573206571756970706564207769746820616476616e6365642063616d6572612073656e736f72732c2064656c69766572696e6720686967682d7175616c6974792070686f746f7320616e6420766964656f7320666f722070686f746f67726170687920656e7468757369617374732e''','349.99','''https://cdn.dummyjson.com/product-images/smartphones/realme-xt/thumbnail.webp''','100','3','4'),('151','''Samsung Galaxy S7''','X''5468652053616d73756e672047616c617879205337206973206120666c61677368697020736d61727470686f6e65206b6e6f776e20666f722069747320736c65656b2064657369676e20616e6420616476616e6365642066656174757265732e204974206665617475726573206120686967682d7265736f6c7574696f6e20646973706c61792c20706f77657266756c2063616d6572612c20616e6420726f6275737420706572666f726d616e63652e''','299.99','''https://cdn.dummyjson.com/product-images/smartphones/samsung-galaxy-s7/thumbnail.webp''','100','1','4'),('152','''Samsung Galaxy S8''','X''5468652053616d73756e672047616c6178792053382069732061207072656d69756d20736d61727470686f6e65207769746820616e20496e66696e69747920446973706c61792c206f66666572696e672061207374756e6e696e672076697375616c20657870657269656e63652e20497420626f6173747320616476616e6365642063616d657261206361706162696c697469657320616e642063757474696e672d6564676520746563686e6f6c6f67792e''','499.99','''https://cdn.dummyjson.com/product-images/smartphones/samsung-galaxy-s8/thumbnail.webp''','100','2','4'),('153','''Samsung Galaxy S10''','X''5468652053616d73756e672047616c61787920533130206973206120666c6167736869702064657669636520666561747572696e6720612064796e616d696320414d4f4c454420646973706c61792c20766572736174696c652063616d6572612073797374656d2c20616e6420706f77657266756c20706572666f726d616e63652e20497420726570726573656e747320696e6e6f766174696f6e20616e6420657863656c6c656e636520696e20736d61727470686f6e6520746563686e6f6c6f67792e''','699.99','''https://cdn.dummyjson.com/product-images/smartphones/samsung-galaxy-s10/thumbnail.webp''','100','3','4'),('154','''Vivo S1''','X''546865205669766f2053312069732061207374796c69736820616e64206d69642d72616e676520736d61727470686f6e65206f66666572696e67206120626c656e64206f662064657369676e20616e6420706572666f726d616e63652e20497420666561747572657320612076696272616e7420646973706c61792c2063617061626c652063616d6572612073797374656d2c20616e642072656c6961626c652066756e6374696f6e616c6974792e''','249.99','''https://cdn.dummyjson.com/product-images/smartphones/vivo-s1/thumbnail.webp''','100','5','4'),('155','''Vivo V9''','X''546865205669766f205639206973206120736d61727470686f6e65206b6e6f776e20666f722069747320736c65656b2064657369676e20616e6420656d706861736973206f6e20636170747572696e6720686967682d7175616c6974792073656c666965732e2049742066656174757265732061206e6f74636820646973706c61792c206475616c2d63616d6572612073657475702c20616e642061206d6f6465726e2064657369676e2e''','299.99','''https://cdn.dummyjson.com/product-images/smartphones/vivo-v9/thumbnail.webp''','100','1','4'),('156','''Vivo X21''','X''546865205669766f205832312069732061207072656d69756d20736d61727470686f6e652077697468206120666f637573206f6e2063757474696e672d6564676520746563686e6f6c6f67792e20497420666561747572657320616e20696e2d646973706c61792066696e6765727072696e742073656e736f722c206120686967682d7265736f6c7574696f6e20646973706c61792c20616e6420616476616e6365642063616d657261206361706162696c69746965732e''','499.99','''https://cdn.dummyjson.com/product-images/smartphones/vivo-x21/thumbnail.webp''','100','4','4'),('157','''American Football''','X''54686520416d65726963616e20466f6f7462616c6c206973206120636c61737369632062616c6c207573656420696e20416d65726963616e20666f6f7462616c6c2067616d65732e2049742069732064657369676e656420666f72207468726f77696e6720616e64206361746368696e672c206d616b696e6720697420616e20657373656e7469616c207069656365206f662065717569706d656e7420666f72207468652073706f72742e''','19.99','''https://cdn.dummyjson.com/product-images/sports-accessories/american-football/thumbnail.webp''','100','3','4'),('158','''Baseball Ball''','X''546865204261736562616c6c2042616c6c2069732061207374616e64617264206261736562616c6c207573656420696e206261736562616c6c2067616d65732e20497420666561747572657320612064757261626c65206c65617468657220636f76657220616e642069732064657369676e656420666f72207069746368696e672c2068697474696e672c20616e64206669656c64696e6720696e207468652067616d65206f66206261736562616c6c2e''','8.99','''https://cdn.dummyjson.com/product-images/sports-accessories/baseball-ball/thumbnail.webp''','100','3','4'),('159','''Baseball Glove''','X''546865204261736562616c6c20476c6f766520697320612070726f7465637469766520676c6f766520776f726e206279206261736562616c6c20706c61796572732e2049742069732064657369676e656420746f20636174636820616e64206669656c6420746865206261736562616c6c2c2070726f766964696e6720706c6179657273207769746820636f6d666f727420616e6420636f6e74726f6c20647572696e67207468652067616d652e''','24.99','''https://cdn.dummyjson.com/product-images/sports-accessories/baseball-glove/thumbnail.webp''','100','1','4'),('160','''Basketball''','X''546865204261736b657462616c6c2069732061207374616e646172642062616c6c207573656420696e206261736b657462616c6c2067616d65732e2049742069732064657369676e656420666f722064726962626c696e672c2073686f6f74696e672c20616e642070617373696e6720696e207468652067616d65206f66206261736b657462616c6c2c207375697461626c6520666f7220626f746820696e646f6f7220616e64206f7574646f6f7220706c61792e''','14.99','''https://cdn.dummyjson.com/product-images/sports-accessories/basketball/thumbnail.webp''','100','4','4'),('161','''Basketball Rim''','X''546865204261736b657462616c6c2052696d20697320612073747572647920686f6f7020616e64206e657420617373656d626c79206d6f756e746564206f6e2061206261736b657462616c6c206261636b626f6172642e2049742070726f766964657320612074617267657420666f722073686f6f74696e6720616e642073636f72696e6720696e207468652067616d65206f66206261736b657462616c6c2e''','39.99','''https://cdn.dummyjson.com/product-images/sports-accessories/basketball-rim/thumbnail.webp''','100','4','4'),('162','''Cricket Ball''','X''54686520437269636b65742042616c6c20697320612068617264206c6561746865722062616c6c207573656420696e207468652073706f7274206f6620637269636b65742e20497420697320626f776c656420616e642062617474656420696e207468652067616d652c20616e642069747320686172646e65737320616e64207365616d20636f6e7472696275746520746f207468652064796e616d696373206f6620637269636b657420706c61792e''','12.99','''https://cdn.dummyjson.com/product-images/sports-accessories/cricket-ball/thumbnail.webp''','100','2','4'),('163','''Cricket Bat''','X''54686520437269636b65742042617420697320616e20657373656e7469616c207069656365206f6620637269636b65742065717569706d656e74207573656420627920626174736d656e20746f206869742074686520637269636b65742062616c6c2e204974206973206d616465206f6620776f6f6420616e6420636f6d657320696e20766172696f75732073697a657320616e642064657369676e732e''','29.99','''https://cdn.dummyjson.com/product-images/sports-accessories/cricket-bat/thumbnail.webp''','100','5','4'),('164','''Cricket Helmet''','X''54686520437269636b65742048656c6d657420697320612070726f7465637469766520686561646765617220776f726e20627920637269636b657420706c61796572732c20657370656369616c6c7920626174736d656e20616e64207769636b65746b6565706572732e2049742070726f76696465732070726f74656374696f6e20616761696e7374206661737420626f776c696e6720616e6420626f756e636572732e''','44.99','''https://cdn.dummyjson.com/product-images/sports-accessories/cricket-helmet/thumbnail.webp''','100','2','4'),('165','''Cricket Wicket''','X''54686520437269636b6574205769636b6574206973206120736574206f66207468726565207374756d707320616e642074776f206261696c732c20666f726d696e672061207769636b6574207573656420696e207468652073706f7274206f6620637269636b65742e20426174736d656e2061696d20746f2070726f7465637420746865207769636b6574207768696c652073636f72696e672072756e732e''','29.99','''https://cdn.dummyjson.com/product-images/sports-accessories/cricket-wicket/thumbnail.webp''','100','2','4'),('166','''Feather Shuttlecock''','X''54686520466561746865722053687574746c65636f636b206973207573656420696e207468652073706f7274206f66206261646d696e746f6e2e204974206665617475726573206e61747572616c20666561746865727320616e642069732064657369676e656420666f7220686967682d737065656420706c61792c2070726f766964696e672073746162696c69747920616e6420616363757261637920647572696e67206d6174636865732e''','5.99','''https://cdn.dummyjson.com/product-images/sports-accessories/feather-shuttlecock/thumbnail.webp''','100','4','4'),('167','''Football''','X''54686520466f6f7462616c6c2c20616c736f206b6e6f776e206173206120736f636365722062616c6c2c20697320746865207374616e646172642062616c6c207573656420696e207468652073706f7274206f6620666f6f7462616c6c2028736f63636572292e2049742069732064657369676e656420666f72206b69636b696e6720616e642070617373696e6720696e207468652067616d652e''','17.99','''https://cdn.dummyjson.com/product-images/sports-accessories/football/thumbnail.webp''','100','5','4'),('168','''Golf Ball''','X''54686520476f6c662042616c6c206973206120736d616c6c2062616c6c207573656420696e207468652073706f7274206f6620676f6c662e2049742066656174757265732064696d706c6573206f6e2069747320737572666163652c2070726f766964696e67206165726f64796e616d6963206c69667420616e642064697374616e6365207768656e2073747275636b206279206120676f6c6620636c75622e''','9.99','''https://cdn.dummyjson.com/product-images/sports-accessories/golf-ball/thumbnail.webp''','100','2','4'),('169','''Iron Golf''','X''5468652049726f6e20476f6c6620697320612074797065206f6620676f6c6620636c75622064657369676e656420666f7220766172696f757320676f6c662073686f74732e204974206665617475726573206120736f6c6964206d6574616c206865616420616e64206973207573656420666f7220617070726f6163682073686f74732c206368697070696e672c20616e64206f7468657220676f6c66696e6720746563686e69717565732e''','49.99','''https://cdn.dummyjson.com/product-images/sports-accessories/iron-golf/thumbnail.webp''','100','2','4'),('170','''Metal Baseball Bat''','X''546865204d6574616c204261736562616c6c2042617420697320612064757261626c6520616e64206c69676874776569676874206261736562616c6c20626174206d6164652066726f6d206d6574616c20616c6c6f79732e20497420697320636f6d6d6f6e6c79207573656420696e206261736562616c6c2067616d657320666f722068697474696e6720616e642062617474696e672070726163746963652e''','29.99','''https://cdn.dummyjson.com/product-images/sports-accessories/metal-baseball-bat/thumbnail.webp''','100','4','4'),('171','''Tennis Ball''','X''5468652054656e6e69732042616c6c2069732061207374616e646172642062616c6c207573656420696e207468652073706f7274206f662074656e6e69732e2049742069732064657369676e656420666f7220626f756e63696e6720616e642068697474696e6720776974682074656e6e6973207261636b65747320647572696e67206d617463686573206f722070726163746963652073657373696f6e732e''','6.99','''https://cdn.dummyjson.com/product-images/sports-accessories/tennis-ball/thumbnail.webp''','100','2','4'),('172','''Tennis Racket''','X''5468652054656e6e6973205261636b657420697320616e20657373656e7469616c207069656365206f662065717569706d656e74207573656420696e207468652073706f7274206f662074656e6e69732e2049742066656174757265732061206672616d65207769746820737472696e677320616e64206120677269702c20616c6c6f77696e6720706c617965727320746f20686974207468652074656e6e69732062616c6c2e''','49.99','''https://cdn.dummyjson.com/product-images/sports-accessories/tennis-racket/thumbnail.webp''','100','5','4'),('173','''Volleyball''','X''54686520566f6c6c657962616c6c2069732061207374616e646172642062616c6c207573656420696e207468652073706f7274206f6620766f6c6c657962616c6c2e2049742069732064657369676e656420666f722070617373696e672c2073657474696e672c20616e64207370696b696e67206f76657220746865206e657420647572696e6720766f6c6c657962616c6c206d6174636865732e''','11.99','''https://cdn.dummyjson.com/product-images/sports-accessories/volleyball/thumbnail.webp''','100','1','4'),('174','''Black Sun Glasses''','X''54686520426c61636b2053756e20476c617373657320617265206120636c617373696320616e64207374796c6973682063686f6963652c20666561747572696e67206120736c65656b20626c61636b206672616d6520616e642074696e746564206c656e7365732e20546865792070726f7669646520626f74682055562070726f74656374696f6e20616e6420612066617368696f6e61626c65206c6f6f6b2e''','29.99','''https://cdn.dummyjson.com/product-images/sunglasses/black-sun-glasses/thumbnail.webp''','100','3','4'),('175','''Classic Sun Glasses''','X''54686520436c61737369632053756e20476c6173736573206f6666657220612074696d656c6573732064657369676e20776974682061206e65757472616c206672616d6520616e642055562d70726f746563746564206c656e7365732e2054686573652073756e676c61737365732061726520766572736174696c6520616e64207375697461626c6520666f7220766172696f7573206f63636173696f6e732e''','24.99','''https://cdn.dummyjson.com/product-images/sunglasses/classic-sun-glasses/thumbnail.webp''','100','4','4'),('176','''Green and Black Glasses''','X''54686520477265656e20616e6420426c61636b20476c61737365732066656174757265206120626f6c6420636f6d62696e6174696f6e206f6620677265656e20616e6420626c61636b20636f6c6f72732c20616464696e67206120746f756368206f662076696272616e637920746f20796f7572206579657765617220636f6c6c656374696f6e2e20546865792061726520626f7468207374796c69736820616e64206579652d6361746368696e672e''','34.99','''https://cdn.dummyjson.com/product-images/sunglasses/green-and-black-glasses/thumbnail.webp''','100','3','4'),('177','''Party Glasses''','X''54686520506172747920476c6173736573206172652064657369676e656420746f2061646420666c61697220746f20796f7572207061727479206f75746669742e205769746820756e6971756520736861706573206f7220636f6c6f7266756c206672616d65732c2074686579277265207065726665637420666f7220616464696e67206120706c617966756c20746f75636820746f20796f7572206c6f6f6b20647572696e672063656c6562726174696f6e732e''','19.99','''https://cdn.dummyjson.com/product-images/sunglasses/party-glasses/thumbnail.webp''','100','4','4'),('178','''Sunglasses''','X''5468652053756e676c6173736573206f66666572206120636c617373696320616e642073696d706c652064657369676e2077697468206120666f637573206f6e2066756e6374696f6e616c6974792e2054686573652073756e676c61737365732070726f7669646520657373656e7469616c2055562070726f74656374696f6e207768696c65206d61696e7461696e696e6720612074696d656c657373206c6f6f6b2e''','22.99','''https://cdn.dummyjson.com/product-images/sunglasses/sunglasses/thumbnail.webp''','100','2','4'),('179','''iPad Mini 2021 Starlight''','X''5468652069506164204d696e69203230323120696e20537461726c69676874206973206120636f6d7061637420616e6420706f77657266756c207461626c65742066726f6d204170706c652e20466561747572696e672061207374756e6e696e6720526574696e6120646973706c61792c20706f77657266756c20412d73657269657320636869702c20616e64206120736c65656b2064657369676e2c206974206f66666572732061207072656d69756d207461626c657420657870657269656e63652e''','499.99','''https://cdn.dummyjson.com/product-images/tablets/ipad-mini-2021-starlight/thumbnail.webp''','100','3','4'),('180','''Samsung Galaxy Tab S8 Plus Grey''','X''5468652053616d73756e672047616c6178792054616220533820506c757320696e2047726579206973206120686967682d706572666f726d616e636520416e64726f6964207461626c65742062792053616d73756e672e20576974682061206c6172676520414d4f4c454420646973706c61792c20706f77657266756c2070726f636573736f722c20616e6420532050656e20737570706f72742c206974277320696465616c20666f722070726f64756374697669747920616e6420656e7465727461696e6d656e742e''','599.99','''https://cdn.dummyjson.com/product-images/tablets/samsung-galaxy-tab-s8-plus-grey/thumbnail.webp''','100','2','4'),('181','''Samsung Galaxy Tab White''','X''5468652053616d73756e672047616c6178792054616220696e205768697465206973206120736c65656b20616e6420766572736174696c6520416e64726f6964207461626c65742e205769746820612076696272616e7420646973706c61792c206c6f6e672d6c617374696e6720626174746572792c20616e6420612072616e6765206f662066656174757265732c206974206f66666572732061206772656174207573657220657870657269656e636520666f7220766172696f7573207461736b732e''','349.99','''https://cdn.dummyjson.com/product-images/tablets/samsung-galaxy-tab-white/thumbnail.webp''','100','3','4'),('182','''Blue Frock''','X''54686520426c75652046726f636b206973206120636861726d696e6720616e64207374796c69736820647265737320666f7220766172696f7573206f63636173696f6e732e205769746820612076696272616e7420626c756520636f6c6f7220616e64206120636f6d666f727461626c652064657369676e2c2069742061646473206120746f756368206f6620656c6567616e636520746f20796f75722077617264726f62652e''','29.99','''https://cdn.dummyjson.com/product-images/tops/blue-frock/thumbnail.webp''','100','2','4'),('183','''Girl Summer Dress''','X''546865204769726c2053756d6d65722044726573732069732061206375746520616e6420627265657a792064726573732064657369676e656420666f72207761726d20776561746865722e205769746820706c617966756c207061747465726e7320616e64206c69676874776569676874206661627269632c2069742773207065726665637420666f72206b656570696e6720636f6f6c20616e64207374796c69736820647572696e67207468652073756d6d65722e''','19.99','''https://cdn.dummyjson.com/product-images/tops/girl-summer-dress/thumbnail.webp''','100','5','4'),('184','''Gray Dress''','X''5468652047726179204472657373206973206120766572736174696c6520616e642063686963206f7074696f6e20666f7220766172696f7573206f63636173696f6e732e20576974682061206e65757472616c206772617920636f6c6f722c2069742063616e2062652064726573736564207570206f7220646f776e2c206d616b696e6720697420612077617264726f626520737461706c6520666f7220616e792066617368696f6e2d666f727761726420696e646976696475616c2e''','34.99','''https://cdn.dummyjson.com/product-images/tops/gray-dress/thumbnail.webp''','100','5','4'),('185','''Short Frock''','X''5468652053686f72742046726f636b206973206120706c617966756c20616e64207472656e6479206472657373207769746820612073686f72746572206c656e6774682e20496465616c20666f722063617375616c206f7574696e6773206f72207370656369616c206f63636173696f6e732c20697420636f6d62696e6573207374796c6520616e6420636f6d666f727420666f7220612066617368696f6e61626c65206c6f6f6b2e''','24.99','''https://cdn.dummyjson.com/product-images/tops/short-frock/thumbnail.webp''','100','1','4'),('186','''Tartan Dress''','X''5468652054617274616e204472657373206665617475726573206120636c61737369632074617274616e207061747465726e2c206272696e67696e6720612074696d656c65737320616e6420736f706869737469636174656420746f75636820746f20796f75722077617264726f62652e205065726665637420666f722066616c6c20616e642077696e7465722c206974206164647320612068696e74206f6620747261646974696f6e616c20636861726d2e''','39.99','''https://cdn.dummyjson.com/product-images/tops/tartan-dress/thumbnail.webp''','100','1','4'),('187','''300 Touring''','X''5468652033303020546f7572696e672069732061207374796c69736820616e6420636f6d666f727461626c6520736564616e2c206b6e6f776e20666f7220697473206c75787572696f757320666561747572657320616e6420736d6f6f746820706572666f726d616e63652e''','29000','''https://cdn.dummyjson.com/product-images/vehicle/300-touring/thumbnail.webp''','100','4','5'),('188','''Charger SXT RWD''','X''54686520436861726765722053585420525744206973206120706f77657266756c20616e642073706f72747920726561722d776865656c2d647269766520736564616e2c206f66666572696e67206120626c656e64206f6620706572666f726d616e636520616e642070726163746963616c6974792e''','33000','''https://cdn.dummyjson.com/product-images/vehicle/charger-sxt-rwd/thumbnail.webp''','100','4','4'),('189','''Dodge Hornet GT Plus''','X''54686520446f64676520486f726e657420475420506c7573206973206120636f6d7061637420616e64206167696c652068617463686261636b2c207065726665637420666f7220757262616e2064726976696e672077697468206120746f756368206f662073706f7274696e6573732e''','25000','''https://cdn.dummyjson.com/product-images/vehicle/dodge-hornet-gt-plus/thumbnail.webp''','100','5','4'),('190','''Durango SXT RWD''','X''54686520447572616e676f205358542052574420697320612073706163696f757320616e6420766572736174696c65205355562c206b6e6f776e20666f7220697473207374726f6e6720706572666f726d616e636520616e642066616d696c792d667269656e646c792066656174757265732e''','37000','''https://cdn.dummyjson.com/product-images/vehicle/durango-sxt-rwd/thumbnail.webp''','100','5','4'),('191','''Pacifica Touring''','X''54686520506163696669636120546f7572696e672069732061207374796c69736820616e642077656c6c2d6571756970706564206d696e6976616e2c206f66666572696e6720636f6d666f727420616e6420636f6e76656e69656e636520666f722066616d696c79206a6f75726e6579732e''','32000','''https://cdn.dummyjson.com/product-images/vehicle/pacifica-touring/thumbnail.webp''','100','3','5'),('192','''Blue Women\\''s Handbag''','X''54686520426c756520576f6d656e27732048616e646261672069732061207374796c69736820616e642073706163696f7573206163636573736f727920666f72206576657279646179207573652e205769746820612076696272616e7420626c756520636f6c6f7220616e64206d756c7469706c6520636f6d706172746d656e74732c20697420636f6d62696e65732066617368696f6e20616e642066756e6374696f6e616c6974792e''','49.99','''https://cdn.dummyjson.com/product-images/womens-bags/blue-women\\''s-handbag/thumbnail.webp''','100','5','4'),('193','''Heshe Women\\''s Leather Bag''','X''54686520486573686520576f6d656e2773204c656174686572204261672069732061206c75787572696f757320616e6420686967682d7175616c697479206c6561746865722062616720666f722074686520736f706869737469636174656420776f6d616e2e205769746820612074696d656c6573732064657369676e20616e642064757261626c65206372616674736d616e736869702c2069742773206120766572736174696c65206163636573736f72792e''','129.99','''https://cdn.dummyjson.com/product-images/womens-bags/heshe-women\\''s-leather-bag/thumbnail.webp''','100','5','4'),('194','''Prada Women Bag''','X''54686520507261646120576f6d656e2042616720697320616e2069636f6e69632064657369676e65722062616720746861742065787564657320656c6567616e636520616e64206c75787572792e2043726166746564207769746820707265636973696f6e20616e6420666561747572696e6720746865205072616461206c6f676f2c206974277320612073746174656d656e7420706965636520666f722066617368696f6e20656e7468757369617374732e''','599.99','''https://cdn.dummyjson.com/product-images/womens-bags/prada-women-bag/thumbnail.webp''','100','4','4'),('195','''White Faux Leather Backpack''','X''5468652057686974652046617578204c656174686572204261636b7061636b2069732061207472656e647920616e642070726163746963616c206261636b7061636b20666f7220746865206d6f6465726e20776f6d616e2e2057697468206120736c65656b2077686974652064657369676e20616e6420616d706c652073746f726167652073706163652c2069742773207065726665637420666f7220626f74682063617375616c20616e64206f6e2d7468652d676f207374796c65732e''','39.99','''https://cdn.dummyjson.com/product-images/womens-bags/white-faux-leather-backpack/thumbnail.webp''','100','3','1'),('196','''Women Handbag Black''','X''54686520576f6d656e2048616e6462616720696e20426c61636b206973206120636c617373696320616e6420766572736174696c65206163636573736f7279207468617420636f6d706c656d656e747320766172696f7573206f7574666974732e205769746820612074696d656c65737320626c61636b20636f6c6f7220616e642066756e6374696f6e616c2064657369676e2c20697427732061206d7573742d6861766520696e20657665727920776f6d616e27732077617264726f62652e''','59.99','''https://cdn.dummyjson.com/product-images/womens-bags/women-handbag-black/thumbnail.webp''','100','1','4'),('197','''Black Women\\''s Gown''','X''54686520426c61636b20576f6d656e277320476f776e20697320616e20656c6567616e7420616e642074696d656c657373206576656e696e6720676f776e2e2057697468206120736c65656b20626c61636b2064657369676e2c2069742773207065726665637420666f7220666f726d616c206576656e747320616e64207370656369616c206f63636173696f6e732c2065787564696e6720736f706869737469636174696f6e20616e64207374796c652e''','129.99','''https://cdn.dummyjson.com/product-images/womens-dresses/black-women\\''s-gown/thumbnail.webp''','100','4','4'),('198','''Corset Leather With Skirt''','X''54686520436f72736574204c656174686572205769746820536b697274206973206120626f6c6420616e64206564677920656e73656d626c65207468617420636f6d62696e65732061207374796c69736820636f7273657420776974682061206d61746368696e6720736b6972742e20496465616c20666f722066617368696f6e2d666f727761726420696e646976696475616c732c206974206d616b657320612073746174656d656e7420617420616e79206576656e742e''','89.99','''https://cdn.dummyjson.com/product-images/womens-dresses/corset-leather-with-skirt/thumbnail.webp''','100','3','4'),('199','''Corset With Black Skirt''','X''54686520436f72736574205769746820426c61636b20536b6972742069732061206368696320616e6420766572736174696c65206f7574666974207468617420706169727320612066617368696f6e61626c6520636f727365742077697468206120636c617373696320626c61636b20736b6972742e204974206f66666572732061207472656e647920616e6420636f6f7264696e61746564206c6f6f6b20666f7220766172696f7573206f63636173696f6e732e''','79.99','''https://cdn.dummyjson.com/product-images/womens-dresses/corset-with-black-skirt/thumbnail.webp''','100','3','4'),('200','''Dress Pea''','X''546865204472657373205065612069732061207374796c69736820616e6420636f6d666f727461626c652064726573732077697468206120706561207061747465726e2e205065726665637420666f722063617375616c206f7574696e67732c2069742061646473206120706c617966756c20616e642066756e20656c656d656e7420746f20796f75722077617264726f62652c206d616b696e6720697420612067726561742063686f69636520666f72206461792d746f2d64617920776561722e''','49.99','''https://cdn.dummyjson.com/product-images/womens-dresses/dress-pea/thumbnail.webp''','100','5','4'),('201','''Marni Red & Black Suit''','X''546865204d61726e6920526564202620426c61636b2053756974206973206120736f706869737469636174656420616e642066617368696f6e2d666f7277617264207375697420656e73656d626c652e2057697468206120636f6d62696e6174696f6e206f662072656420616e6420626c61636b20746f6e65732c2069742073686f7763617365732061206d6f6465726e2064657369676e20666f72206120626f6c6420616e6420636f6e666964656e74206c6f6f6b2e''','179.99','''https://cdn.dummyjson.com/product-images/womens-dresses/marni-red-&-black-suit/thumbnail.webp''','100','3','4'),('202','''Green Crystal Earring''','X''54686520477265656e204372797374616c2045617272696e6720697320612064617a7a6c696e67206163636573736f7279207468617420666561747572657320612076696272616e7420677265656e206372797374616c2e2057697468206120636c61737369632064657369676e2c2069742061646473206120746f756368206f6620656c6567616e636520746f20796f757220656e73656d626c652c207065726665637420666f7220666f726d616c206f72207370656369616c206f63636173696f6e732e''','29.99','''https://cdn.dummyjson.com/product-images/womens-jewellery/green-crystal-earring/thumbnail.webp''','100','5','5'),('203','''Green Oval Earring''','X''54686520477265656e204f76616c2045617272696e672069732061207374796c69736820616e6420766572736174696c65206163636573736f72792077697468206120756e69717565206f76616c2073686170652e205768657468657220666f722063617375616c206f7220647265737379206f63636173696f6e732c2069747320677265656e2068756520616e6420636f6e74656d706f726172792064657369676e206d616b652069742061207374616e646f75742070696563652e''','24.99','''https://cdn.dummyjson.com/product-images/womens-jewellery/green-oval-earring/thumbnail.webp''','97','5','5'),('204','''Tropical Earring''','X''5468652054726f706963616c2045617272696e6720697320612066756e20616e6420706c617966756c206163636573736f727920696e7370697265642062792074726f706963616c20656c656d656e74732e20466561747572696e672076696272616e7420636f6c6f727320616e642061206c6976656c792064657369676e2c2069742773207065726665637420666f7220616464696e67206120746f756368206f662073756d6d657220746f20796f7572206c6f6f6b2e''','19.99','''https://cdn.dummyjson.com/product-images/womens-jewellery/tropical-earring/thumbnail.webp''','100','2','5'),('205','''Black & Brown Slipper''','X''54686520426c61636b20262042726f776e20536c6970706572206973206120636f6d666f727461626c6520616e64207374796c6973682063686f69636520666f722063617375616c20776561722e20466561747572696e67206120626c656e64206f6620626c61636b20616e642062726f776e20636f6c6f72732c2069742061646473206120746f756368206f6620736f706869737469636174696f6e20746f20796f75722072656c61786174696f6e2e''','19.99','''https://cdn.dummyjson.com/product-images/womens-shoes/black-&-brown-slipper/thumbnail.webp''','100','2','4'),('206','''Calvin Klein Heel Shoes''','X''43616c76696e204b6c65696e204865656c2053686f65732061726520656c6567616e7420616e6420736f70686973746963617465642c2064657369676e656420666f7220666f726d616c206f63636173696f6e732e2057697468206120636c61737369632064657369676e20616e6420686967682d7175616c697479206d6174657269616c732c207468657920636f6d706c656d656e7420796f7572207374796c69736820656e73656d626c652e''','79.99','''https://cdn.dummyjson.com/product-images/womens-shoes/calvin-klein-heel-shoes/thumbnail.webp''','100','5','4'),('207','''Golden Shoes Woman''','X''54686520476f6c64656e2053686f657320666f7220576f6d656e20617265206120676c616d6f726f75732063686f69636520666f72207370656369616c206f63636173696f6e732e20466561747572696e67206120676f6c64656e2068756520616e64207374796c6973682064657369676e2c207468657920616464206120746f756368206f66206c757875727920746f20796f7572206f75746669742e''','49.99','''https://cdn.dummyjson.com/product-images/womens-shoes/golden-shoes-woman/thumbnail.webp''','100','5','4'),('208','''Pampi Shoes''','X''50616d70692053686f6573206f66666572206120626c656e64206f6620636f6d666f727420616e64207374796c6520666f72206576657279646179207573652e2057697468206120766572736174696c652064657369676e2c207468657920617265207375697461626c6520666f7220766172696f75732063617375616c206f63636173696f6e732c2070726f766964696e672061207472656e647920616e642072656c61786564206c6f6f6b2e''','29.99','''https://cdn.dummyjson.com/product-images/womens-shoes/pampi-shoes/thumbnail.webp''','100','3','4'),('209','''Red Shoes''','X''546865205265642053686f6573206d616b65206120626f6c642073746174656d656e7420776974682074686569722076696272616e742072656420636f6c6f722e205768657468657220666f722061207061727479206f7220612063617375616c206f7574696e672c2074686573652073686f657320616464206120706f70206f6620636f6c6f7220616e64207374796c6520746f20796f75722077617264726f62652e''','34.99','''https://cdn.dummyjson.com/product-images/womens-shoes/red-shoes/thumbnail.webp''','100','1','4'),('210','''IWC Ingenieur Automatic Steel''','X''5468652049574320496e67656e69657572204175746f6d6174696320537465656c20776174636820697320612064757261626c6520616e6420736f70686973746963617465642074696d6570696563652e2057697468206120737461696e6c65737320737465656c206361736520616e64206175746f6d61746963206d6f76656d656e742c20697420636f6d62696e657320707265636973696f6e20616e64207374796c6520666f7220776174636820656e7468757369617374732e''','4999.99','''https://cdn.dummyjson.com/product-images/womens-watches/iwc-ingenieur-automatic-steel/thumbnail.webp''','100','2','4'),('211','''Rolex Datejust Women''','X''54686520526f6c657820446174656a75737420576f6d656e277320776174636820697320616e2069636f6e69632074696d6570696563652064657369676e656420666f7220776f6d656e2e205769746820612074696d656c6573732064657369676e20616e642061206461746520636f6d706c69636174696f6e2c206974206f666665727320626f746820656c6567616e636520616e642066756e6374696f6e616c6974792e''','11000','''https://cdn.dummyjson.com/product-images/womens-watches/rolex-datejust-women/thumbnail.webp''','100','2','4'),('212','''Watch Gold for Women''','X''54686520476f6c6420576f6d656e27732057617463682069732061207374756e6e696e67206163636573736f7279207468617420636f6d62696e6573206c757875727920616e64207374796c652e20466561747572696e67206120676f6c642d706c61746564206361736520616e64206120636869632064657369676e2c2069742061646473206120746f756368206f6620676c616d6f757220746f20616e79206f75746669742e''','799.99','''https://cdn.dummyjson.com/product-images/womens-watches/watch-gold-for-women/thumbnail.webp''','100','3','7'),('213','''Women\\''s Wrist Watch''','X''54686520576f6d656e2773205772697374205761746368206973206120766572736174696c6520616e642066617368696f6e61626c652074696d65706965636520666f7220657665727964617920776561722e2057697468206120636f6d666f727461626c6520737472617020616e6420612073696d706c652079657420656c6567616e742064657369676e2c20697420636f6d706c656d656e747320766172696f7573207374796c65732e''','129.99','''https://cdn.dummyjson.com/product-images/womens-watches/women\\''s-wrist-watch/thumbnail.webp''','97','1','7');

INSERT INTO user_profiles(id,user_id,nickname,phone,avatar,gender,bio,updated_at) VALUES('1','1','''cceli''','''13775100154''','''https://img2.huashi6.com/images/resource/thumbnail/2025/11/30/18197_94763736754.jpg?imageMogr2/quality/75/interlace/1/thumbnail/x810/gravity/Center/crop/1400x810/format/webp''','''male''','''...''','1766067612');
INSERT INTO users(id,username,password_hash,created_at,is_admin) VALUES('1','''13775100154''','''scrypt:32768:8:1$StnluWeHtZQiMiU6$038511a9e63616d8258abe8110049d99e343a007b36a3a823b0ec328811ef5260cfc917aac17c0a4abd88008db3591252533951da328a1bf0452f52b51c5df93''','1765993001','1');